doi,type,resource_url,year,title
10.24928/2017/0033,proceedings-article,http://iglc.net/Papers/Details/1401,2017,Design-Value in the Platform Approach
10.24928/2017/0073,proceedings-article,http://iglc.net/Papers/Details/1442,2017,Assessment of Performance Measurement Frameworks Supporting the Implementation of Lean Construction
10.24928/2017/0090,proceedings-article,http://iglc.net/Papers/Details/1390,2017,Testing the Value of Best Value: Evidence From Educational Facilities Projects
10.24928/2017/0091,proceedings-article,http://iglc.net/Papers/Details/1384,2017,Lean Equipment Installation – Potentials of Using Takt Planning
10.24928/2017/0099,proceedings-article,http://iglc.net/Papers/Details/1435,2017,Removing Waste While Preserving Slack: The Lean and Complexity Perspectives
10.24928/2017/0117,proceedings-article,http://iglc.net/Papers/Details/1449,2017,Analysis and Assessment for Lean Construction Adoption: The DOLC Tool
10.24928/2017/0124,proceedings-article,http://iglc.net/Papers/Details/1396,2017,"Counterfeit, Fraudulent and Sub-Standard Materials: The Case of Steel in Norway"
10.24928/2017/0128,proceedings-article,http://iglc.net/Papers/Details/1394,2017,Standardized Work: Practical Examples in a Brazilian Construction Company
10.24928/2017/0130,proceedings-article,http://iglc.net/Papers/Details/1393,2017,How BIM-Lean Integration Enhances the Information Management Process in the Construction Design
10.24928/2017/0133,proceedings-article,http://iglc.net/Papers/Details/1463,2017,Prefabrication of Single-Family Timber Houses – Problem Areas and Wastes
10.24928/2017/0136,proceedings-article,http://iglc.net/Papers/Details/1474,2017,Integration of Lean and Information Technology to Enable a Customization Strategy in Affordable Housing
10.24928/2017/0154,proceedings-article,http://iglc.net/Papers/Details/1378,2017,Lean Anti-Corruption Toolkit
10.24928/2017/0168,proceedings-article,http://iglc.net/Papers/Details/1473,2017,Value Stream Mapping: Case Study in Columns Concreting
10.24928/2017/0179,proceedings-article,http://iglc.net/Papers/Details/1471,2017,A Framework of Five-Stream Production System for Megaprojects
10.24928/2017/0183,proceedings-article,http://iglc.net/Papers/Details/1457,2017,Phase Schedule Implementation and the Impact for Subcontractors
10.24928/2017/0193,proceedings-article,http://iglc.net/Papers/Details/1470,2017,Supply Chain Design for Modular Construction Projects
10.24928/2017/0196,proceedings-article,http://iglc.net/Papers/Details/1425,2017,A Comparison of Project Alliancing and Lean Construction
10.24928/2017/0212,proceedings-article,http://iglc.net/Papers/Details/1376,2017,House of Cards – A Simulation of Lean Construction Principles
10.24928/2017/0213,proceedings-article,http://iglc.net/Papers/Details/1450,2017,Delivery Methods and Social Network Analysis of Unethical Behavior in the Construction Industry
10.24928/2017/0217,proceedings-article,http://iglc.net/Papers/Details/1381,2017,Improving On-Site Meeting Efficiency by Using an Automated Model Breakdown Tool
10.24928/2017/0240,proceedings-article,http://iglc.net/Papers/Details/1371,2017,How Research Can Help Transform the Construction Industry
10.24928/2017/0241,proceedings-article,http://iglc.net/Papers/Details/1372,2017,Strategies That Can Help Transform the Construction Industry
10.24928/2017/0242,proceedings-article,http://iglc.net/Papers/Details/1483,2017,Green Building and Lean Management: Synergies and Conflicts
10.24928/2017/0248,proceedings-article,http://iglc.net/Papers/Details/1402,2017,"Comparing Choosing by Advantages and Weighting, Rating and Calculating Results in Large Design Spaces"
10.24928/2017/0255,proceedings-article,http://iglc.net/Papers/Details/1472,2017,Contributions of Information Technologies to Last Planner System Implementation
10.24928/2017/0261,proceedings-article,http://iglc.net/Papers/Details/1462,2017,Probability Density Function for Predicting Productivity in Masonry Construction Based on the Compatibility of a Crew
10.24928/2017/0267,proceedings-article,http://iglc.net/Papers/Details/1391,2017,BIM and Agent-Based Model Integration for Construction Management Optimization
10.24928/2017/0271,proceedings-article,http://iglc.net/Papers/Details/1482,2017,Collaborative Takt Time Planning of Non-Repetitive Work
10.24928/2017/0276,proceedings-article,http://iglc.net/Papers/Details/1444,2017,Ethical Dilemmas in Value Delivery: Theoretical Conditions
10.24928/2017/0278,proceedings-article,http://iglc.net/Papers/Details/1467,2017,Application of Bim for Supporting Decisionmaking Related to Logistics in Prefabricated Building Systems
10.24928/2017/0283,proceedings-article,http://iglc.net/Papers/Details/1379,2017,Investigating Organizational Capability Vis-à-Vis Human Action to Minimize Post-Contract Transaction Costs in D&amp;B
10.24928/2017/0292,proceedings-article,http://iglc.net/Papers/Details/1383,2017,A Taxonomy of Client Product Value in Construction Projects
10.24928/2017/0295,proceedings-article,http://iglc.net/Papers/Details/1475,2017,Development of Systematic Construction Logistics Using ‘Intelligent Products’
10.24928/2017/0297,proceedings-article,http://iglc.net/Papers/Details/1387,2017,Technical Takt Planning and Takt Control in Construction.
10.24928/2017/0300,proceedings-article,http://iglc.net/Papers/Details/1408,2017,Socio-Constructivist Account of Collaboration in Concept Design
10.24928/2017/0303,proceedings-article,http://iglc.net/Papers/Details/1479,2017,Applying Choosing by Advantages in the Public Tendering Procedure
10.24928/2017/0308,proceedings-article,http://iglc.net/Papers/Details/1440,2017,Application of Lean Production With Value Stream Mapping to the Blasting and Coating Industry
10.24928/2017/0310,proceedings-article,http://iglc.net/Papers/Details/1389,2017,The Implementation of Building Information Modelling and Lean Construction in Design Firms in Massachusetts
10.24928/2017/0315,proceedings-article,http://iglc.net/Papers/Details/1413,2017,Design Management in a Design Office: Solving the Problem of Relevance
10.24928/2017/0316,proceedings-article,http://iglc.net/Papers/Details/1412,2017,Design Management in a Design Office: Development of the Knowledge Base
10.24928/2017/0317,proceedings-article,http://iglc.net/Papers/Details/1411,2017,Design Management in a Design Office: Development of the Model for 'To-Be'
10.24928/2017/0321,proceedings-article,http://iglc.net/Papers/Details/1480,2017,IT for Lean Construction - a Survey in India
10.24928/2017/0322,proceedings-article,http://iglc.net/Papers/Details/1437,2017,A Portfolio/Process/Operations (PPO) Analysis of a Meta-Project Production System in Renovation Projects
10.24928/2017/0325,proceedings-article,http://iglc.net/Papers/Details/1367,2017,Platform Ecosystems: Unlocking the Subcontractors’ Business Model Opportunities
10.24928/2017/0331,proceedings-article,http://iglc.net/Papers/Details/1374,2017,Development of a Materials Management Strategy to Enable Continuous Work Flow on-Site.
10.24928/2017/0341,proceedings-article,http://iglc.net/Papers/Details/1426,2017,Discrete Costing Versus Collaborative Costing.
10.24928/2017/0342,proceedings-article,http://iglc.net/Papers/Details/1409,2017,Shared Understanding: The Machine Code of the Social in a Socio-Technical System
10.24928/2017/0346,proceedings-article,http://iglc.net/Papers/Details/1385,2017,An Application of Control Theory to Visual Management for Organizational Communication in Construction
10.24928/2017,proceedings,http://iglc.net/Papers/Conference/27,2017,25th Annual Conference of the International Group for Lean Construction
10.24928/2017/0008,proceedings-article,http://iglc.net/Papers/Details/1403,2017,Mobilizing Bim in a Collaborative Project Environment
10.24928/2017/0013,proceedings-article,http://iglc.net/Papers/Details/1465,2017,Key Performance Indicator for Managing Construction Logistics Performance
10.24928/2017/0052,proceedings-article,http://iglc.net/Papers/Details/1386,2017,Lean Opportunity Assessment of Contractor's Supply Chain in South Africa
10.24928/2017/0053,proceedings-article,http://iglc.net/Papers/Details/1466,2017,Mapping Waste in the Structural Design Process in South African Projects
10.24928/2017/0057,proceedings-article,http://iglc.net/Papers/Details/1477,2017,Design-Build and Design-Bid-Build in Construction- a Comparative Review
10.24928/2017/0063,proceedings-article,http://iglc.net/Papers/Details/1388,2017,Cross-Functional Project Teams in Construction: A Longitudinal Case Study
10.24928/2017/0064,proceedings-article,http://iglc.net/Papers/Details/1395,2017,Just in Time in Construction: Description and Implementation Insights
10.24928/2017/0071,proceedings-article,http://iglc.net/Papers/Details/1428,2017,Value Stream Mapping - a Case Study of Cold-Formed Steel House Framing for Offsite Manufacturing Supply Chain
10.24928/2017/0086,proceedings-article,http://iglc.net/Papers/Details/1461,2017,Adjustment Mechanisms for Demandoriented Optimisation in Takt Planning and Takt Control
10.24928/2017/0088,proceedings-article,http://iglc.net/Papers/Details/1375,2017,Learning Simulation Game for Takt Planning and Takt Control
10.24928/2017/0089,proceedings-article,http://iglc.net/Papers/Details/1400,2017,Implementation of Lean Construction in Client Organizations – an Analysis of the Status Quo in Germany
10.24928/2017/0094,proceedings-article,http://iglc.net/Papers/Details/1484,2017,Flow and Resource Efficiency Measurement Method in Off-Site Production
10.24928/2017/0095,proceedings-article,http://iglc.net/Papers/Details/1460,2017,Guidelines for Devising and Assessing Visual Management Systems in Construction Sites
10.24928/2017/0104,proceedings-article,http://iglc.net/Papers/Details/1464,2017,Optimization on Supply-Constrained Module Assembly Process
10.24928/2017/0106,proceedings-article,http://iglc.net/Papers/Details/1422,2017,The ER Design Simulation Game: Experience and Reflect
10.24928/2017/0107,proceedings-article,http://iglc.net/Papers/Details/1414,2017,The Effect of Pre-Engineering on Design Management Methods
10.24928/2017/0116,proceedings-article,http://iglc.net/Papers/Details/1469,2017,Why Lean Projects Are Safer
10.24928/2017/0119,proceedings-article,http://iglc.net/Papers/Details/1404,2017,Barriers and Challenges to Implement Integrated Project Delivery in China
10.24928/2017/0121,proceedings-article,http://iglc.net/Papers/Details/1405,2017,Geographical Distribution of Interest and Publications on Lean Construction
10.24928/2017/0125,proceedings-article,http://iglc.net/Papers/Details/1427,2017,Exploring the Application of Lean Principles to a Construction Supply Chain
10.24928/2017/0146,proceedings-article,http://iglc.net/Papers/Details/1485,2017,Motives for the Use of Competitive Dialogue
10.24928/2017/0156,proceedings-article,http://iglc.net/Papers/Details/1459,2017,Project Flexibility and Lean Construction
10.24928/2017/0159,proceedings-article,http://iglc.net/Papers/Details/1415,2017,Virtual Design and Construction: Aligning BIM and Lean in Practice
10.24928/2017/0167,proceedings-article,http://iglc.net/Papers/Details/1429,2017,Value Stream Mapping: A Case Study in Structural Masonry
10.24928/2017/0172,proceedings-article,http://iglc.net/Papers/Details/1369,2017,Off-Site Guarding: Look-Ahead Supply Scheduling for Risk Indication With BIM
10.24928/2017/0175,proceedings-article,http://iglc.net/Papers/Details/1456,2017,A Construction Delay Analysis Approach Based on Lean Principles
10.24928/2017/0176,proceedings-article,http://iglc.net/Papers/Details/1468,2017,Comparing Production Design Activities and Location-Based Planning Tools
10.24928/2017/0177,proceedings-article,http://iglc.net/Papers/Details/1452,2017,Real-Time Tracking of Production Control: Requirements and Solutions
10.24928/2017/0182,proceedings-article,http://iglc.net/Papers/Details/1406,2017,Implementation of Lean Practices Among Finishing Contractors in the US
10.24928/2017/0186,proceedings-article,http://iglc.net/Papers/Details/1443,2017,Hierarchy of Value Perceived by Groups of Users About Their Neighbourhood
10.24928/2017/0197,proceedings-article,http://iglc.net/Papers/Details/1423,2017,Analysis of the Influence of Lean Construction and Leed Certification on the Quality of Construction Sites
10.24928/2017/0199,proceedings-article,http://iglc.net/Papers/Details/1407,2017,An Exploration of Compatibility of U.S. Army Culture and Lean Construction
10.24928/2017/0202,proceedings-article,http://iglc.net/Papers/Details/1420,2017,How Evidence-Based Design Supports Better Value Generation for End-Users
10.24928/2017/0203,proceedings-article,http://iglc.net/Papers/Details/1458,2017,Introducing New Capacity Planning Metrics in Production Planning
10.24928/2017/0216,proceedings-article,http://iglc.net/Papers/Details/1451,2017,Automation of the Building Information Model Breakdown Structure.
10.24928/2017/0218,proceedings-article,http://iglc.net/Papers/Details/1368,2017,Last Planner System – the Need for New Metrics
10.24928/2017/0224,proceedings-article,http://iglc.net/Papers/Details/1418,2017,"Review of Lean Design Management: Processes, Methods and Technologies"
10.24928/2017/0232,proceedings-article,http://iglc.net/Papers/Details/1478,2017,Simulation of Production Line Improvement in Modular Home Manufacturing
10.24928/2017/0234,proceedings-article,http://iglc.net/Papers/Details/1416,2017,Design Management: Metrics and Visual Tools
10.24928/2017/0238,proceedings-article,http://iglc.net/Papers/Details/1486,2017,Lean Production Controlling and Tracking Using Digital Methods
10.24928/2017/0239,proceedings-article,http://iglc.net/Papers/Details/1419,2017,Strategic Considerations for Applying Choosing by Advantages in Design Process.
10.24928/2017/0244,proceedings-article,http://iglc.net/Papers/Details/1410,2017,Knowledge Management and Information Flow Through Social Networks Analysis in Chilean Architecture Firms
10.24928/2017/0245,proceedings-article,http://iglc.net/Papers/Details/1397,2017,A Balanced Dashboard for Production Planning and Control.
10.24928/2017/0246,proceedings-article,http://iglc.net/Papers/Details/1430,2017,3d Concrete Printing in the Service of Lean Construction.
10.24928/2017/0258,proceedings-article,http://iglc.net/Papers/Details/1453,2017,Visualizing Daily On-site Space Use
10.24928/2017/0268,proceedings-article,http://iglc.net/Papers/Details/1373,2017,Impact of Supplier Evaluation on Product Quality
10.24928/2017/0270,proceedings-article,http://iglc.net/Papers/Details/1370,2017,Design Thinking as a Method of Improving Communication Efficacy.
10.24928/2017/0272,proceedings-article,http://iglc.net/Papers/Details/1439,2017,Assessing the Impact of Lean Methods in Mining Development Projects
10.24928/2017/0288,proceedings-article,http://iglc.net/Papers/Details/1446,2017,Initial Euphoria to Sustained Change - Mainstreaming Lean Culture
10.24928/2017/0290,proceedings-article,http://iglc.net/Papers/Details/1377,2017,"Features, Roles and Processes of Performance Measurement in Lean Construction"
10.24928/2017/0293,proceedings-article,http://iglc.net/Papers/Details/1448,2017,A Lean Construction Maturity Model for Organizations.
10.24928/2017/0294,proceedings-article,http://iglc.net/Papers/Details/1417,2017,Waiting Times in Design Process: A Case Study
10.24928/2017/0301,proceedings-article,http://iglc.net/Papers/Details/1447,2017,Building a Lean Culture.
10.24928/2017/0304,proceedings-article,http://iglc.net/Papers/Details/1399,2017,Bottom-up Strategy for Lean Construction on Site Implementation
10.24928/2017/0306,proceedings-article,http://iglc.net/Papers/Details/1398,2017,Lean Metric System: Proposal for a Performance Measurement System for Construction Projects.
10.24928/2017/0307,proceedings-article,http://iglc.net/Papers/Details/1380,2017,Re(de)fining Project Delivery With Life Cycle BIM
10.24928/2017/0311,proceedings-article,http://iglc.net/Papers/Details/1382,2017,Integration of Lean Construction and Building Information Modeling in a Large Client Organization in Massachusetts.
10.24928/2017/0324,proceedings-article,http://iglc.net/Papers/Details/1421,2017,A Case Study on the Success Factors of Target Value Design
10.24928/2017/0326,proceedings-article,http://iglc.net/Papers/Details/1424,2017,Principles for Safety Performance Measurement Systems Based on Resilience Engineering
10.24928/2017/0328,proceedings-article,http://iglc.net/Papers/Details/1481,2017,Lean Construction in Small-Medium Sized Enterprises (Smes): An Exploration of the Highways Supply Chain
10.24928/2017/0336,proceedings-article,http://iglc.net/Papers/Details/1445,2017,On Epistemology of Construction Engineering and Management.
10.24928/2017/0345,proceedings-article,http://iglc.net/Papers/Details/1454,2017,Digital Kanban Boards Used in Design and 3d Coordination.
10.24928/2017/0348,proceedings-article,http://iglc.net/Papers/Details/1441,2017,Integrating Delivery of a Large Hospital Complex
10.24928/jc3-2017/0007,proceedings-article,http://itc.scix.net/cgi-bin/works/Show?_id=lc3-2017-007,2017,Estimating Constructability Review Benefits for Highway Projects
10.24928/jc3-2017/0011,proceedings-article,http://itc.scix.net/cgi-bin/works/Show?_id=lc3-2017-011,2017,Implementing a Data-Driven Simulation Method for Quantifying Pipe Welding Operator Quality Performance
10.24928/jc3-2017/0012,proceedings-article,http://itc.scix.net/cgi-bin/works/Show?_id=lc3-2017-012,2017,Evaluating LegalDocML and LegalRuleML as a Standard for Sharing Normative Information in the AEC/FM Domain
10.24928/jc3-2017/0020,proceedings-article,http://itc.scix.net/cgi-bin/works/Show?_id=lc3-2017-020,2017,Recursive Segmentation for As-Is Bridge Information Modelling
10.24928/jc3-2017/0028,proceedings-article,http://itc.scix.net/cgi-bin/works/Show?_id=lc3-2017-028,2017,Pre-Bid Clarification for Construction Project Risk Identification Using Unstructured Text Data Analysis
10.24928/jc3-2017/0030,proceedings-article,http://itc.scix.net/cgi-bin/works/Show?_id=lc3-2017-030,2017,Assessing Construction Workers' Vigilance Level Through Wearable Electroencephalography System
10.24928/jc3-2017/0034,proceedings-article,http://itc.scix.net/cgi-bin/works/Show?_id=lc3-2017-034,2017,Digital Tools for the Construction Site. A Case Study: ACCEPT Project
10.24928/jc3-2017/0037,proceedings-article,http://itc.scix.net/cgi-bin/works/Show?_id=lc3-2017-037,2017,On-Site Mobile Application for Enhanced Safety and Quality
10.24928/jc3-2017/0041,proceedings-article,http://itc.scix.net/cgi-bin/works/Show?_id=lc3-2017-041,2017,A Case Study on Comparative Analysis of 3D Point Clouds from UAV and Terrestrial Scanners for Bridge Condition Assessment
10.24928/jc3-2017/0044,proceedings-article,http://itc.scix.net/cgi-bin/works/Show?_id=lc3-2017-044,2017,Building Model Object Classification for Semantic Enrichment Using Geometric Features and Pairwise Spatial Relationships
10.24928/jc3-2017/0058,proceedings-article,http://itc.scix.net/cgi-bin/works/Show?_id=lc3-2017-058,2017,The Need for Enhancing Earthquake Evacuee Safety by Using Virtual Reality Serious Games
10.24928/jc3-2017/0060,proceedings-article,http://itc.scix.net/cgi-bin/works/Show?_id=lc3-2017-060,2017,Predictive Risk Modeling of Differential Bridge Settlement
10.24928/jc3-2017/0070,proceedings-article,http://itc.scix.net/cgi-bin/works/Show?_id=lc3-2017-070,2017,Serious Games vs. Traditional Tools in Construction Safety Training: A Review
10.24928/jc3-2017/0078,proceedings-article,http://itc.scix.net/cgi-bin/works/Show?_id=lc3-2017-078,2017,Dialogue Types for Collaborative Design: A Front-End BIM Application
10.24928/jc3-2017/0103,proceedings-article,http://itc.scix.net/cgi-bin/works/Show?_id=lc3-2017-103,2017,A Conceptual Model for Investigating BIM Adoption by Organisations
10.24928/jc3-2017/0112,proceedings-article,http://itc.scix.net/cgi-bin/works/Show?_id=lc3-2017-112,2017,Using ABM to Evaluate the Impact of Social Networks on Construction Labor Productivity
10.24928/jc3-2017/0116,proceedings-article,http://itc.scix.net/cgi-bin/works/Show?_id=lc3-2017-116,2017,GIS Supporting Surveys for Urban Sustainability Assessment
10.24928/jc3-2017/0139,proceedings-article,http://itc.scix.net/cgi-bin/works/Show?_id=lc3-2017-139,2017,Scan-To-BIM for Small Building Components
10.24928/jc3-2017/0141,proceedings-article,http://itc.scix.net/cgi-bin/works/Show?_id=lc3-2017-141,2017,Development of an Urban As-Built Model: The Case Study of Aberdeen
10.24928/jc3-2017/0144,proceedings-article,http://itc.scix.net/cgi-bin/works/Show?_id=lc3-2017-144,2017,Automating the Creation of Facility and Energy Management Building Information Models
10.24928/jc3-2017/0145,proceedings-article,http://itc.scix.net/cgi-bin/works/Show?_id=lc3-2017-145,2017,Discussion About the Use of Bayesian Networks Models for Making Predictive Maintenance Decisions
10.24928/jc3-2017/0149,proceedings-article,http://itc.scix.net/cgi-bin/works/Show?_id=lc3-2017-149,2017,Requirements for Ontology Development in the AECO Industry
10.24928/jc3-2017/0150,proceedings-article,http://itc.scix.net/cgi-bin/works/Show?_id=lc3-2017-150,2017,Planning UAV-Assisted Visual Inspections of Construction Sites
10.24928/jc3-2017/0152,proceedings-article,http://itc.scix.net/cgi-bin/works/Show?_id=lc3-2017-152,2017,UrbanPlanAR: BIM Mobile Visualisation in Urban Environments with Occlusion-Aware Augmented Reality
10.24928/jc3-2017/0153,proceedings-article,http://itc.scix.net/cgi-bin/works/Show?_id=lc3-2017-153,2017,Proposing a Central AEC Ontology That Allows for Domain Specific Extensions
10.24928/jc3-2017/0158,proceedings-article,http://itc.scix.net/cgi-bin/works/Show?_id=lc3-2017-158,2017,Evolutionary Optimization of Building Envelope Design with Photovoltaics-Integrated Shading Devices
10.24928/jc3-2017/0178,proceedings-article,http://itc.scix.net/cgi-bin/works/Show?_id=lc3-2017-178,2017,Use of Augmented Reality Technology to Enhance Comprehension of Steel Structure Construction
10.24928/jc3-2017/0180,proceedings-article,http://itc.scix.net/cgi-bin/works/Show?_id=lc3-2017-180,2017,Low-Cost Fleet Management Solutions in the Framework of Emerging Markets
10.24928/jc3-2017/0192,proceedings-article,http://itc.scix.net/cgi-bin/works/Show?_id=lc3-2017-192,2017,Construction Delay and Disruption Claims Assisted Through BIM Technology
10.24928/jc3-2017/0194,proceedings-article,http://itc.scix.net/cgi-bin/works/Show?_id=lc3-2017-194,2017,Collaborative Engineering with IFC and BCF: Managing Openings and Recesses
10.24928/jc3-2017/0201,proceedings-article,http://itc.scix.net/cgi-bin/works/Show?_id=lc3-2017-201,2017,Implementation of a Preference Monitoring Application for office Building Occupants
10.24928/jc3-2017/0205,proceedings-article,http://itc.scix.net/cgi-bin/works/Show?_id=lc3-2017-205,2017,Towards People-Centred Precedents for Parametric Design: The Case of Wayfinding in Large-Scale Public Buildings
10.24928/jc3-2017/0207,proceedings-article,http://itc.scix.net/cgi-bin/works/Show?_id=lc3-2017-207,2017,Automatic Monitoring of Operating Equipment Efficiency for Air Pollutant Emission Estimation
10.24928/jc3-2017/0208,proceedings-article,http://itc.scix.net/cgi-bin/works/Show?_id=lc3-2017-208,2017,Optimal Maintenance of Below-Grade Culverts
10.24928/jc3-2017/0222,proceedings-article,http://itc.scix.net/cgi-bin/works/Show?_id=lc3-2017-222,2017,A BIM Based Collaboration Platform for Data Transmitting in Building Design
10.24928/jc3-2017/0223,proceedings-article,http://itc.scix.net/cgi-bin/works/Show?_id=lc3-2017-223,2017,Pattern-Based Generation of 4D-Schedules for Robust Construction Management
10.24928/jc3-2017/0225,proceedings-article,http://itc.scix.net/cgi-bin/works/Show?_id=lc3-2017-225,2017,Integrating Technologies for Demand Response in Blocks of Buildings - A UK Case Study
10.24928/jc3-2017/0226,proceedings-article,http://itc.scix.net/cgi-bin/works/Show?_id=lc3-2017-226,2017,Automated Optimization of Steel Reinforcement in RC Building Frames Using BIM and Hybrid GA
10.24928/jc3-2017/0229,proceedings-article,http://itc.scix.net/cgi-bin/works/Show?_id=lc3-2017-229,2017,Safety Risk Assessment in Construction Projects Using Information Models
10.24928/jc3-2017/0233,proceedings-article,http://itc.scix.net/cgi-bin/works/Show?_id=lc3-2017-233,2017,Resilience Assessment of Interdependent Critical Infrastructure Systems
10.24928/jc3-2017/0249,proceedings-article,http://itc.scix.net/cgi-bin/works/Show?_id=lc3-2017-249,2017,Minimising Misclassifications of Over-Height Vehicles Due to Wind
10.24928/jc3-2017/0251,proceedings-article,http://itc.scix.net/cgi-bin/works/Show?_id=lc3-2017-251,2017,Towards Systems Integration Theory in Megaprojects: A System-of-Systems Framework
10.24928/jc3-2017/0256,proceedings-article,http://itc.scix.net/cgi-bin/works/Show?_id=lc3-2017-256,2017,"Taiwan High-Speed Trains Emergency Dispatching Using Ontology-Based, Multi-Agent Model"
10.24928/jc3-2017/0265,proceedings-article,http://itc.scix.net/cgi-bin/works/Show?_id=lc3-2017-265,2017,Automation of Geometry Input for Building Code Compliance Check
10.24928/jc3-2017/0266,proceedings-article,http://itc.scix.net/cgi-bin/works/Show?_id=lc3-2017-266,2017,Integrating Virtual Reality and BIM for End-User Involvement in Design: A Case Study
10.24928/jc3-2017/0273,proceedings-article,http://itc.scix.net/cgi-bin/works/Show?_id=lc3-2017-273,2017,A Framework for Cloud-Based Virtual and Augmented Reality Using Real-Time Information for Construction Progress Monitoring
10.24928/jc3-2017/0285,proceedings-article,http://itc.scix.net/cgi-bin/works/Show?_id=lc3-2017-285,2017,Reality Capture and Visualisation of 3D Oil &amp; Gas Facility Data for Operations and Decommissioning
10.24928/jc3-2017/0299,proceedings-article,http://itc.scix.net/cgi-bin/works/Show?_id=lc3-2017-299,2017,Current State of Data Exchange Between Architectural and Structural Analysis Models - A Critical Review
10.24928/jc3-2017/0309,proceedings-article,http://itc.scix.net/cgi-bin/works/Show?_id=lc3-2017-309,2017,A Review on Capability and Maturity Models of Building Information Modelling
10.24928/jc3-2017/0312,proceedings-article,http://itc.scix.net/cgi-bin/works/Show?_id=lc3-2017-312,2017,Investigation of Terrestrial Laser Scanning Reflectance Intensity and RGB Distributions to Assist Construction Material Identification
10.24928/jc3-2017/0313,proceedings-article,http://itc.scix.net/cgi-bin/works/Show?_id=lc3-2017-313,2017,Information Technologies and Information Requirements: A BIM-Based Approach
10.24928/jc3-2017/0318,proceedings-article,http://itc.scix.net/cgi-bin/works/Show?_id=lc3-2017-318,2017,Linked Data for Cross-Domain Constraint Information Sharing in LNG Construction
10.24928/jc3-2017/0323,proceedings-article,http://itc.scix.net/cgi-bin/works/Show?_id=lc3-2017-323,2017,A Platform for Enriching BIM Representation Through Semantic Web Technologies
10.24928/jc3-2017/0327,proceedings-article,http://itc.scix.net/cgi-bin/works/Show?_id=lc3-2017-327,2017,Why Some BIM Tool Users Do Not Think of Themselves as BIM Users - A Preliminary Study
10.24928/jc3-2017/0343,proceedings-article,http://itc.scix.net/cgi-bin/works/Show?_id=lc3-2017-343,2017,Decision Support Tool for Energy Efficient Building Retrofit Actions
10.24928/jc3-2017/0006,proceedings-article,http://itc.scix.net/cgi-bin/works/Show?_id=lc3-2017-006,2017,Application of Immersive Virtual Reality Systems in an Interdisciplinary Design Studio Course
10.24928/jc3-2017/0010,proceedings-article,http://itc.scix.net/cgi-bin/works/Show?_id=lc3-2017-010,2017,A Comparison Review of Automated Construction Scheduling Methods
10.24928/jc3-2017/0016,proceedings-article,http://itc.scix.net/cgi-bin/works/Show?_id=lc3-2017-016,2017,Planning of Maintenance Cost for Business-Storage Facility Using BIM
10.24928/jc3-2017/0021,proceedings-article,http://itc.scix.net/cgi-bin/works/Show?_id=lc3-2017-021,2017,Automated Construction Progress Monitoring Using Continuous Multipoint Indoor and Outdoor 3D Scanning
10.24928/jc3-2017/0022,proceedings-article,http://itc.scix.net/cgi-bin/works/Show?_id=lc3-2017-022,2017,Can Immersive Virtual Environments Be Used for Understanding Occupant-System Interactions Under Thermal Stimuli?
10.24928/jc3-2017/0025,proceedings-article,http://itc.scix.net/cgi-bin/works/Show?_id=lc3-2017-025,2017,Data Management Methods for a 3D Product Model in Graph Database
10.24928/jc3-2017/0029,proceedings-article,http://itc.scix.net/cgi-bin/works/Show?_id=lc3-2017-029,2017,Integrated Data Analytics-Simulation Framework for Proactive Assessment of Safety Performance
10.24928/jc3-2017/0048,proceedings-article,http://itc.scix.net/cgi-bin/works/Show?_id=lc3-2017-048,2017,Employing BIM Tools to Streamline Fabrication
10.24928/jc3-2017/0051,proceedings-article,http://itc.scix.net/cgi-bin/works/Show?_id=lc3-2017-051,2017,Prevalent Issues in BIM-Based Construction Projects
10.24928/jc3-2017/0061,proceedings-article,http://itc.scix.net/cgi-bin/works/Show?_id=lc3-2017-061,2017,Development of a Collaborative Process Mapping Activity to Improve Students' BIM Process Mapping Understanding
10.24928/jc3-2017/0067,proceedings-article,http://itc.scix.net/cgi-bin/works/Show?_id=lc3-2017-067,2017,Energy Efficient Improvements to the Envelope of Low-Income Housing: A Case Study of Habitat for Humanity Homes
10.24928/jc3-2017/0072,proceedings-article,http://itc.scix.net/cgi-bin/works/Show?_id=lc3-2017-072,2017,Implementation of Hybrid Simulation Modelling Framework in Construction
10.24928/jc3-2017/0079,proceedings-article,http://itc.scix.net/cgi-bin/works/Show?_id=lc3-2017-079,2017,BIM Innovation Capability Programme of Ireland
10.24928/jc3-2017/0080,proceedings-article,http://itc.scix.net/cgi-bin/works/Show?_id=lc3-2017-080,2017,Modularized Validation of a Building Information Model According to the Specifications of the Facility Management Handover and Cobie
10.24928/jc3-2017/0081,proceedings-article,http://itc.scix.net/cgi-bin/works/Show?_id=lc3-2017-081,2017,Factors Affecting Bid Let Dates on Transportation Mega Projects
10.24928/jc3-2017/0109,proceedings-article,http://itc.scix.net/cgi-bin/works/Show?_id=lc3-2017-109,2017,Detecting Pavement Patches Utilizing Smartphones Technology and Vehicles
10.24928/jc3-2017/0122,proceedings-article,http://itc.scix.net/cgi-bin/works/Show?_id=lc3-2017-122,2017,Using 360-Degree Interactive Panoramas to Develop Virtual Representation of Construction Sites
10.24928/jc3-2017/0142,proceedings-article,http://itc.scix.net/cgi-bin/works/Show?_id=lc3-2017-142,2017,Cloud-Based Project Management: Selecting IT Solutions for Construction Companies
10.24928/jc3-2017/0143,proceedings-article,http://itc.scix.net/cgi-bin/works/Show?_id=lc3-2017-143,2017,Integrating Visual Analytics and Machine Learning Into BIM-Enabled Facilities Management.
10.24928/jc3-2017/0147,proceedings-article,http://itc.scix.net/cgi-bin/works/Show?_id=lc3-2017-147,2017,A Step-By-Step Procedure for Implementing Mixed Reality Visualization Interfaces in Design and Constructability Review Sessions
10.24928/jc3-2017/0151,proceedings-article,http://itc.scix.net/cgi-bin/works/Show?_id=lc3-2017-151,2017,Using Optimization to Manage Quarries in the Recycling of Construction and Demolition Waste
10.24928/jc3-2017/0155,proceedings-article,http://itc.scix.net/cgi-bin/works/Show?_id=lc3-2017-155,2017,USA Practitioners’ Perception of BIM Maturity
10.24928/jc3-2017/0161,proceedings-article,http://itc.scix.net/cgi-bin/works/Show?_id=lc3-2017-161,2017,The Critical Role of Accessible Data for BIM-Based Automated Rule Checking Systems
10.24928/jc3-2017/0163,proceedings-article,http://itc.scix.net/cgi-bin/works/Show?_id=lc3-2017-163,2017,BIM Big Data System Architecture for Asset Management: A Conceptual Framework
10.24928/jc3-2017/0164,proceedings-article,http://itc.scix.net/cgi-bin/works/Show?_id=lc3-2017-164,2017,"SMARTCON, Self-Maintaining and Rejuvenating Constructions"
10.24928/jc3-2017/0165,proceedings-article,http://itc.scix.net/cgi-bin/works/Show?_id=lc3-2017-165,2017,Comparing Feature Matching Algorithms for Measuring In-Plane Strains on Civil Infrastructures
10.24928/jc3-2017/0170,proceedings-article,http://itc.scix.net/cgi-bin/works/Show?_id=lc3-2017-170,2017,Progress Monitoring of Masonry Work Via Resource Tracking Using Sensor-Based Technologies
10.24928/jc3-2017/0181,proceedings-article,http://itc.scix.net/cgi-bin/works/Show?_id=lc3-2017-181,2017,From BIM Models to Integrated Energy Efficiency Applications for Industrial Facilities
10.24928/jc3-2017/0184,proceedings-article,http://itc.scix.net/cgi-bin/works/Show?_id=lc3-2017-184,2017,Cognition Enhancement Using Virtual Reality in Apartment Customization
10.24928/jc3-2017/0185,proceedings-article,http://itc.scix.net/cgi-bin/works/Show?_id=lc3-2017-185,2017,BIM4LIFE: GNSS and BIM Data Fusion for Mapping Human-Machine Interaction
10.24928/jc3-2017/0191,proceedings-article,http://itc.scix.net/cgi-bin/works/Show?_id=lc3-2017-191,2017,Pavement Anomalies Detection and Classification Using Entropic Texture Segmentation and Support Vector Machines
10.24928/jc3-2017/0195,proceedings-article,http://itc.scix.net/cgi-bin/works/Show?_id=lc3-2017-195,2017,Evaluation of Small UAS Acquisition Costs for Construction Applications
10.24928/jc3-2017/0198,proceedings-article,http://itc.scix.net/cgi-bin/works/Show?_id=lc3-2017-198,2017,Vision-Based Detection of Falls at Flat Level Surfaces
10.24928/jc3-2017/0210,proceedings-article,http://itc.scix.net/cgi-bin/works/Show?_id=lc3-2017-210,2017,Impact of Immersive and Interactive Information Visualization on Occupant’s Lighting Choices
10.24928/jc3-2017/0211,proceedings-article,http://itc.scix.net/cgi-bin/works/Show?_id=lc3-2017-211,2017,Teaching Technological Leadership in Globally Distributed Teams Working with Building Information Models
10.24928/jc3-2017/0220,proceedings-article,http://itc.scix.net/cgi-bin/works/Show?_id=lc3-2017-220,2017,Big Data Applications in Built Environment: Towards a Use Foundation Model
10.24928/jc3-2017/0227,proceedings-article,http://itc.scix.net/cgi-bin/works/Show?_id=lc3-2017-227,2017,Relevant Properties and Relationships for Construction Defect Data Mining on Building Information Models
10.24928/jc3-2017/0228,proceedings-article,http://itc.scix.net/cgi-bin/works/Show?_id=lc3-2017-228,2017,Building Information Modelling as a Cost Control Tool for Critical Chain Construction Project Management
10.24928/jc3-2017/0230,proceedings-article,http://itc.scix.net/cgi-bin/works/Show?_id=lc3-2017-230,2017,Examining the Effect of Boundary Spanning Technologies in Virtual Project Teams
10.24928/jc3-2017/0231,proceedings-article,http://itc.scix.net/cgi-bin/works/Show?_id=lc3-2017-231,2017,Comparison of Marker-Based and Markerless AR: A Case Study of An Indoor Decoration System
10.24928/jc3-2017/0235,proceedings-article,http://itc.scix.net/cgi-bin/works/Show?_id=lc3-2017-235,2017,The Influence of Space Layout Design on Occupant’s Energy Behaviour
10.24928/jc3-2017/0237,proceedings-article,http://itc.scix.net/cgi-bin/works/Show?_id=lc3-2017-237,2017,Development of a BIM Adoption Impact Map
10.24928/jc3-2017/0252,proceedings-article,http://itc.scix.net/cgi-bin/works/Show?_id=lc3-2017-252,2017,Development of 3D Building Models Using Multi-Source Data: A Study of High-Density Urban Area in Hong Kong
10.24928/jc3-2017/0253,proceedings-article,http://itc.scix.net/cgi-bin/works/Show?_id=lc3-2017-253,2017,Baby Steps with BIM – Learning to Walk the Talk
10.24928/jc3-2017/0254,proceedings-article,http://itc.scix.net/cgi-bin/works/Show?_id=lc3-2017-254,2017,Developing an Open Access BIM Objects Library: A Hong Kong Study
10.24928/jc3-2017/0257,proceedings-article,http://itc.scix.net/cgi-bin/works/Show?_id=lc3-2017-257,2017,Post-Earthquake Damage Assessment of Buildings: An Overall Overview
10.24928/jc3-2017/0260,proceedings-article,http://itc.scix.net/cgi-bin/works/Show?_id=lc3-2017-260,2017,Predicting Highway Projects' Actual Duration Using Neural Networks
10.24928/jc3-2017/0269,proceedings-article,http://itc.scix.net/cgi-bin/works/Show?_id=lc3-2017-269,2017,GIS Based Approach for District Energy Retrofit Optioneering
10.24928/jc3-2017/0274,proceedings-article,http://itc.scix.net/cgi-bin/works/Show?_id=lc3-2017-274,2017,Automated IFC-Based Processes in the Construction Sector: A Method for Improving the Information Flow
10.24928/jc3-2017/0279,proceedings-article,http://itc.scix.net/cgi-bin/works/Show?_id=lc3-2017-279,2017,A Platform for Automated Technical Building Management Services Using Ontology
10.24928/jc3-2017/0281,proceedings-article,http://itc.scix.net/cgi-bin/works/Show?_id=lc3-2017-281,2017,Safety Training for Scaffolding and Formwork Construction by Using Virtual Environment
10.24928/jc3-2017/0284,proceedings-article,http://itc.scix.net/cgi-bin/works/Show?_id=lc3-2017-284,2017,A Cloud-Based Platform for IFC File Enrichment with Second-Level Space Boundary Topology
10.24928/jc3-2017/0287,proceedings-article,http://itc.scix.net/cgi-bin/works/Show?_id=lc3-2017-287,2017,Operation-Level 4D Modeling and Visualization for Modular Building Based on Standard Activity Library
10.24928/jc3-2017/0296,proceedings-article,http://itc.scix.net/cgi-bin/works/Show?_id=lc3-2017-296,2017,Applying System and Requirement Engineering for Information Modeling in Infrastructure Projects
10.24928/jc3-2017/0305,proceedings-article,http://itc.scix.net/cgi-bin/works/Show?_id=lc3-2017-305,2017,Structured Evaluation of Pre-Construction Cost Alternatives with BIM and Resource Integrated Simulation
10.24928/jc3-2017/0314,proceedings-article,http://itc.scix.net/cgi-bin/works/Show?_id=lc3-2017-314,2017,Towards a Taxonomy of Cyber-Physical System Applications in Construction
10.24928/jc3-2017/0320,proceedings-article,http://itc.scix.net/cgi-bin/works/Show?_id=lc3-2017-320,2017,Cloud Based Project Management in the Greek Construction Industry: What Is the Distance to Cover?
10.24928/jc3-2017/0329,proceedings-article,http://itc.scix.net/cgi-bin/works/Show?_id=lc3-2017-329,2017,Asphalt Road Layer Detection for Construction Progress Monitoring
10.24928/jc3-2017/0330,proceedings-article,http://itc.scix.net/cgi-bin/works/Show?_id=lc3-2017-330,2017,Ontology- and Freeware-Based Platform for Rapid Development of BIM Applications with Reasoning Support
10.24928/jc3-2017/0332,proceedings-article,http://itc.scix.net/cgi-bin/works/Show?_id=lc3-2017-332,2017,BIMification: How to Create BIM for Retrofitting
10.24928/jc3-2017/0335,proceedings-article,http://itc.scix.net/cgi-bin/works/Show?_id=lc3-2017-335,2017,Detection of Construction Equipment Using Deep Convolutional Networks
10.24928/jc3-2017/0338,proceedings-article,http://itc.scix.net/cgi-bin/works/Show?_id=lc3-2017-338,2017,Developing a Campus Wide Building Information System Based on Open Standards
10.24928/2018/0208,proceedings-article,http://iglc.net/Papers/Details/1540,2018,Believing Is Seeing: Paradigms as a Focal Point in the Lean Discourse
10.24928/2018/0213,proceedings-article,http://iglc.net/Papers/Details/1527,2018,The Role of Slack in Standardized Work in Construction: An Exploratory Study
10.24928/2018/0218,proceedings-article,http://iglc.net/Papers/Details/1590,2018,Is Integration of Uncertainty Management and the Last Planner System a Good Idea?
10.24928/2018/0222,proceedings-article,http://iglc.net/Papers/Details/1611,2018,Complex Production Systems: Non-Linear and Non-Repetitive Projects
10.24928/2018/0229,proceedings-article,http://iglc.net/Papers/Details/1592,2018,Winning the Bid – A Step-Wise Approach Using BIMto Reduce Uncertainty in Construction Bidding
10.24928/2018/0234,proceedings-article,http://iglc.net/Papers/Details/1521,2018,Factors Affecting Implementation of Lean Construction
10.24928/2018/0236,proceedings-article,http://iglc.net/Papers/Details/1532,2018,Towards Identifying Making-Do as Lead Waste in Refurbishment Projects
10.24928/2018/0239,proceedings-article,http://iglc.net/Papers/Details/1551,2018,Identifying Value Enhancing Factors and Applicability of Visual Management Tools
10.24928/2018/0242,proceedings-article,http://iglc.net/Papers/Details/1514,2018,SyncLean: An Application for Improved Lean Construction Practice
10.24928/2018/0248,proceedings-article,http://iglc.net/Papers/Details/1525,2018,A Comparison of Competitive Dialogue and Best Value Procurement
10.24928/2018/0249,proceedings-article,http://iglc.net/Papers/Details/1613,2018,Employing Simulation to Study the Role of Design Structure Matrix in Reducing Waste in Design
10.24928/2018/0250,proceedings-article,http://iglc.net/Papers/Details/1541,2018,Lean Methods to Improve End User Satisfaction in Higher Education Buildings
10.24928/2018/0252,proceedings-article,http://iglc.net/Papers/Details/1528,2018,Value-Adding Activities Level in Brazilian Infrastructure Construction Companies - 9 Cases Study
10.24928/2018/0274,proceedings-article,http://iglc.net/Papers/Details/1619,2018,Lean Construction and Sustainability Through IGLC Community: A Critical Systematic Review of 25 Years of Experience
10.24928/2018/0282,proceedings-article,http://iglc.net/Papers/Details/1555,2018,Studying the Mindset of Corruption in the Construction Industry - A Lean Perspective
10.24928/2018/0283,proceedings-article,http://iglc.net/Papers/Details/1578,2018,Exploring Product Development in Industrialized Housing to Facilitate a Platform Strategy
10.24928/2018/0284,proceedings-article,http://iglc.net/Papers/Details/1556,2018,IPD in Norway
10.24928/2018/0285,proceedings-article,http://iglc.net/Papers/Details/1545,2018,Best Value Procurement (BVP) in a Mega Infrastructure Project
10.24928/2018/0309,proceedings-article,http://iglc.net/Papers/Details/1519,2018,What Is Lean Construction: Another Look - 2018
10.24928/2018/0313,proceedings-article,http://iglc.net/Papers/Details/1526,2018,Laminated Timber Versus on-Site Cast Concrete: A Comparative Study
10.24928/2018/0314,proceedings-article,http://iglc.net/Papers/Details/1502,2018,Governing Flat-Roof Constructions: A Case Study
10.24928/2018/0393,proceedings-article,http://iglc.net/Papers/Details/1542,2018,Evaluation of Customer Value by Building Owners in the Construction Process
10.24928/2018/0397,proceedings-article,http://iglc.net/Papers/Details/1560,2018,Innovation with Creative Collaborative Practices
10.24928/2018/0398,proceedings-article,http://iglc.net/Papers/Details/1593,2018,Empirical Study on the Influence of Procurement Methods on Last Planner® System Implementation
10.24928/2018/0404,proceedings-article,http://iglc.net/Papers/Details/1604,2018,Enabling Lean Design With Management of Model Maturity
10.24928/2018/0406,proceedings-article,http://iglc.net/Papers/Details/1594,2018,Continuous Improvement Cells in the Highways Sector
10.24928/2018/0409,proceedings-article,http://iglc.net/Papers/Details/1543,2018,Using Design Science Research and Action Research to Bridge the Gap Between Theory and Practice in Lean Construction Research
10.24928/2018/0414,proceedings-article,http://iglc.net/Papers/Details/1596,2018,Managing the “Receding Edge”
10.24928/2018/0416,proceedings-article,http://iglc.net/Papers/Details/1561,2018,Framework for Progressive Evaluation of Lean Construction Maturity Using Multi-Dimensional Matrix
10.24928/2018/0419,proceedings-article,http://iglc.net/Papers/Details/1510,2018,Visual Planning for Supply Chain Management of Prefabricated Components in Construction
10.24928/2018/0421,proceedings-article,http://iglc.net/Papers/Details/1562,2018,The Last Planner System: Comparing Indian and Norwegian Approaches
10.24928/2018/0427,proceedings-article,http://iglc.net/Papers/Details/1499,2018,Digitization for Customer Delight in Ready Mix Concrete Business in India
10.24928/2018/0433,proceedings-article,http://iglc.net/Papers/Details/1597,2018,The Last Planner® System Path Clearing Approach in Action: A Case Study
10.24928/2018/0439,proceedings-article,http://iglc.net/Papers/Details/1504,2018,Building a Lean Culture Into an Organization
10.24928/2018/0441,proceedings-article,http://iglc.net/Papers/Details/1564,2018,Indicators for Observing Elements of Linguistic Action Perspective in Last Planner® System
10.24928/2018/0448,proceedings-article,http://iglc.net/Papers/Details/1598,2018,Make Ready Planning Using Flow Walks: A New Approach to Collaboratively Identifying Project Constraints
10.24928/2018/0452,proceedings-article,http://iglc.net/Papers/Details/1600,2018,Understanding the Effectiveness of Visual Management Best Practices in Construction Sites
10.24928/2018/0455,proceedings-article,http://iglc.net/Papers/Details/1581,2018,Using BIM and Lean for Modelling Requirements in the Design of Healthcare Projects
10.24928/2018/0474,proceedings-article,http://iglc.net/Papers/Details/1506,2018,An Exploration of BIM and Lean Interaction in Optimizing Demolition Projects
10.24928/2018/0475,proceedings-article,http://iglc.net/Papers/Details/1518,2018,‘Site Layout Planning Waste’ Typology and Its Handling Through AR-BIM Concept: A Lean Approach
10.24928/2018/0476,proceedings-article,http://iglc.net/Papers/Details/1533,2018,Mastering Complexity in Takt Planning and Takt Control - Using the Three Level Model to Increase Efficiency and Performance in Construction Projects
10.24928/2018/0482,proceedings-article,http://iglc.net/Papers/Details/1583,2018,"Product Modularity, Tolerance Management, and Visual Management: Potential Synergies"
10.24928/2018/0484,proceedings-article,http://iglc.net/Papers/Details/1544,2018,Determining Benefit - Understanding Buildings as Production System Assets
10.24928/2018/0486,proceedings-article,http://iglc.net/Papers/Details/1566,2018,Innovation in the New Zealand Construction Industry – Diffusion of the Last Planner System
10.24928/2018/0489,proceedings-article,http://iglc.net/Papers/Details/1584,2018,Lean-Driven Passenger Experience Design
10.24928/2018/0490,proceedings-article,http://iglc.net/Papers/Details/1567,2018,Explaining the Benefits of Team Goals to Support Collaboration
10.24928/2018/0494,proceedings-article,http://iglc.net/Papers/Details/1509,2018,Reaping the Rewards of Production Tracking
10.24928/2018/0495,proceedings-article,http://iglc.net/Papers/Details/1546,2018,Conceptual Framework for Capability and Capacity Building of SMEs for Lean Construction Adoption
10.24928/2018/0498,proceedings-article,http://iglc.net/Papers/Details/1536,2018,An Exploratory Study on Lean Teaching Adoption Rate Among Academia and Industry in Indian Scenario
10.24928/2018/0500,proceedings-article,http://iglc.net/Papers/Details/1615,2018,Demonstrating the Value of an Effective Collaborative Decision-Making Process in the Design Phase
10.24928/2018/0507,proceedings-article,http://iglc.net/Papers/Details/1516,2018,Development of an Integrated BIM and Lean Maturity Model
10.24928/2018/0513,proceedings-article,http://iglc.net/Papers/Details/1586,2018,Designing as a Court of Law
10.24928/2018/0514,proceedings-article,http://iglc.net/Papers/Details/1534,2018,The Review of Rework Causes and Costs in Housing Construction Supply Chain
10.24928/2018/0517,proceedings-article,http://iglc.net/Papers/Details/1607,2018,Buffer Management in Construction - a New Zealand Study
10.24928/2018/0519,proceedings-article,http://iglc.net/Papers/Details/1587,2018,Implementation of Mass Customization for Mep Layout Design to Reduce Manufacturing Cost in One-Off Projects
10.24928/2018/0523,proceedings-article,http://iglc.net/Papers/Details/1570,2018,Process-Based Cost Modeling Framework and Case Study
10.24928/2018/0526,proceedings-article,http://iglc.net/Papers/Details/1608,2018,Enhancing Labour Productivity in Petrochemical Construction and Maintenance Projects
10.24928/2018/0528,proceedings-article,http://iglc.net/Papers/Details/1609,2018,Last Planner Implementation in Building Projects
10.24928/2018/0530,proceedings-article,http://iglc.net/Papers/Details/1531,2018,MDM-Based Buffer Estimation in Construction Project
10.24928/2018/0531,proceedings-article,http://iglc.net/Papers/Details/1588,2018,"Choosing by Advantages; Benefits Analysis and Implementation in a Case Study, Colombia"
10.24928/2018/0536,proceedings-article,http://iglc.net/Papers/Details/1538,2018,Modelling and Simulating Time Use of Site Workers With 4d BIM
10.24928/2018/0538,proceedings-article,http://iglc.net/Papers/Details/1550,2018,Supply Chain Management in Construction From a Production Theory Perspective
10.24928/2018/0543,proceedings-article,http://iglc.net/Papers/Details/1501,2018,Using Technology to Achieve Lean Objectives
10.24928/2018,proceedings,http://iglc.net/Papers/Conference/28,2018,26th Annual Conference of the International Group for Lean Construction
10.24928/2018/0207,proceedings-article,http://iglc.net/Papers/Details/1513,2018,Identification of Lean Opportunities in a South African Public-Sector Projects Cost Management Framework
10.24928/2018/0209,proceedings-article,http://iglc.net/Papers/Details/1575,2018,Towards Facility Management Participation in Design: A UCSF Case Study
10.24928/2018/0210,proceedings-article,http://iglc.net/Papers/Details/1520,2018,A Lean E-Governance Approach to Mitigate Corruption Within Official Processes in the Construction Industry
10.24928/2018/0211,proceedings-article,http://iglc.net/Papers/Details/1523,2018,Lean Formwork
10.24928/2018/0216,proceedings-article,http://iglc.net/Papers/Details/1498,2018,A Relook at Plan Reliability Measurements in Lean Construction and New Metrics From Digitized Practical Implementation
10.24928/2018/0217,proceedings-article,http://iglc.net/Papers/Details/1553,2018,A Lean Perspective of Stakeholder Integration in Public Private Partnerships
10.24928/2018/0224,proceedings-article,http://iglc.net/Papers/Details/1582,2018,Evaluation of a Case Study to Design a BIM-Based Cycle Planning Concept
10.24928/2018/0238,proceedings-article,http://iglc.net/Papers/Details/1612,2018,New Approach to Developing Integrated Milestones for Planning and Production Control
10.24928/2018/0247,proceedings-article,http://iglc.net/Papers/Details/1617,2018,Enablers for Sustainable Lean Construction in India
10.24928/2018/0254,proceedings-article,http://iglc.net/Papers/Details/1505,2018,A Lean Approach to Improve Productivity in a Coke Oven Refurbishment Project: A Case Study
10.24928/2018/0256,proceedings-article,http://iglc.net/Papers/Details/1511,2018,Respect for People’S Well-Being: Meditation for Construction Workers
10.24928/2018/0258,proceedings-article,http://iglc.net/Papers/Details/1524,2018,Mapping of BIM Process for Teaching Lean
10.24928/2018/0263,proceedings-article,http://iglc.net/Papers/Details/1576,2018,Applicability of Value Stream Mapping and Work Sampling in an Industrial Project in India
10.24928/2018/0264,proceedings-article,http://iglc.net/Papers/Details/1618,2018,Reducing Human Failure in Construction With the ‘Training Within-Industry’ Method
10.24928/2018/0265,proceedings-article,http://iglc.net/Papers/Details/1552,2018,Kaizen - Analysis of the Implementation of the A3 Reporting Tool in a Steel Structure Company
10.24928/2018/0270,proceedings-article,http://iglc.net/Papers/Details/1554,2018,ISO and Lean Can Contribute to a Culture of Continuous Improvement
10.24928/2018/0280,proceedings-article,http://iglc.net/Papers/Details/1623,2018,Sources of Waste on Construction Site: A Comparison to the Manufacturing Industry
10.24928/2018/0281,proceedings-article,http://iglc.net/Papers/Details/1577,2018,Impact on the Design Phase of Industrial Housing When Applying a Product Platform Approach
10.24928/2018/0310,proceedings-article,http://iglc.net/Papers/Details/1591,2018,Literature Review on Visual Construction Progress Monitoring Using Unmanned Aerial Vehicles
10.24928/2018/0315,proceedings-article,http://iglc.net/Papers/Details/1557,2018,Analysis of the Activities of Site and Project Managers – Implications From the Perspective of Creating Value
10.24928/2018/0391,proceedings-article,http://iglc.net/Papers/Details/1522,2018,Evaluating Why Quantity Surveyors Conflict With Collaborative Project Delivery System
10.24928/2018/0394,proceedings-article,http://iglc.net/Papers/Details/1558,2018,Transformation From Design-Bid-Build to Design-Build Contracts in Road Construction
10.24928/2018/0396,proceedings-article,http://iglc.net/Papers/Details/1559,2018,Assessment of Organizational Culture in Construction – A Case Study Approach
10.24928/2018/0403,proceedings-article,http://iglc.net/Papers/Details/1579,2018,"Stakeholder Value Evolution, Capture and Assessment in AEC Project Design"
10.24928/2018/0411,proceedings-article,http://iglc.net/Papers/Details/1595,2018,Last Planner System: Implementation and Evaluation With Focus on the Phase Schedule
10.24928/2018/0415,proceedings-article,http://iglc.net/Papers/Details/1503,2018,Knowledge Management and Its Application in Developing Lean Culture
10.24928/2018/0418,proceedings-article,http://iglc.net/Papers/Details/1620,2018,Leveraging Technology by Digitalization Using “I Report App” for Safety at Construction Sites
10.24928/2018/0420,proceedings-article,http://iglc.net/Papers/Details/1507,2018,Project Delivery Through Lean Principles Across All Disciplnes of Construction in a Developing Country Environment
10.24928/2018/0425,proceedings-article,http://iglc.net/Papers/Details/1616,2018,Can BIMFurnish Lean Benefits - an Indian Case Study
10.24928/2018/0428,proceedings-article,http://iglc.net/Papers/Details/1563,2018,Enabling Lean Among Small and Medium Enterprise (SME) Contractors in Sri Lanka
10.24928/2018/0429,proceedings-article,http://iglc.net/Papers/Details/1494,2018,Simulation Exercise for Collaborative Planning System / Last Planner System (COLPLASSE)
10.24928/2018/0437,proceedings-article,http://iglc.net/Papers/Details/1580,2018,Guidelines for Public Project Design Development
10.24928/2018/0438,proceedings-article,http://iglc.net/Papers/Details/1621,2018,Towards Creative Lean (Clean) Construction: From Lean Production to Lean Consumption
10.24928/2018/0443,proceedings-article,http://iglc.net/Papers/Details/1495,2018,Leveraging Advanced VDC Methods and Reality Capture to Increase the Predictability for Prefabrication
10.24928/2018/0445,proceedings-article,http://iglc.net/Papers/Details/1535,2018,Teaching Choosing by Advantages: Learnings &amp; Challenges
10.24928/2018/0447,proceedings-article,http://iglc.net/Papers/Details/1496,2018,The Evolution of Lean Construction Education (Part 1 of 2): At US-Based Universities
10.24928/2018/0450,proceedings-article,http://iglc.net/Papers/Details/1599,2018,Guidelines to Develop a BIM Model Focused on Construction Planning and Control
10.24928/2018/0463,proceedings-article,http://iglc.net/Papers/Details/1497,2018,The Evolution of Lean Construction Education (Part 2 of 2): At US-Based Companies
10.24928/2018/0472,proceedings-article,http://iglc.net/Papers/Details/1508,2018,Short Takt Time in Construction – a Practical Study
10.24928/2018/0477,proceedings-article,http://iglc.net/Papers/Details/1614,2018,Using Taktplanning and Taktcontrol in Production Projects – Comparsion of Construction and Equipment Phases
10.24928/2018/0479,proceedings-article,http://iglc.net/Papers/Details/1515,2018,"Improving Design Coordination With Lean and BIM, an Indian Case Study"
10.24928/2018/0483,proceedings-article,http://iglc.net/Papers/Details/1565,2018,Application of Social Network Analysis in Lean and Infrastructure Projects
10.24928/2018/0488,proceedings-article,http://iglc.net/Papers/Details/1601,2018,Promoting Collaborative Construction Process Management by Means of a Normalized Workload Approach
10.24928/2018/0491,proceedings-article,http://iglc.net/Papers/Details/1602,2018,Combined Application of Earned Value Management and Last Planner System in Construction Projects
10.24928/2018/0493,proceedings-article,http://iglc.net/Papers/Details/1585,2018,"Assessment of Lean Practices, Performance and Social Networks in Chilean Airport Projects"
10.24928/2018/0496,proceedings-article,http://iglc.net/Papers/Details/1568,2018,Impact of Gender Bias on Career Development &amp;Work Engagement in the Oaec Industry &amp; Lean Practice
10.24928/2018/0497,proceedings-article,http://iglc.net/Papers/Details/1603,2018,Optimizing Flow Process Through Synchronisation of Cycle Time
10.24928/2018/0503,proceedings-article,http://iglc.net/Papers/Details/1529,2018,Large Scale Project Using Takt Planning and Takt Control-Creating and Sustaining Multitasking Flow
10.24928/2018/0505,proceedings-article,http://iglc.net/Papers/Details/1605,2018,Characterization of Waste in Ethiopian Building Construction Projects
10.24928/2018/0506,proceedings-article,http://iglc.net/Papers/Details/1569,2018,Integrated Project Delivery for Infrastructure Projects in Peru
10.24928/2018/0508,proceedings-article,http://iglc.net/Papers/Details/1517,2018,Application of 4D Bridge Information Model as a Lean Tool for Bridge Infrastructure Projects: A Case Study
10.24928/2018/0509,proceedings-article,http://iglc.net/Papers/Details/1571,2018,Collaborative Design Decisions
10.24928/2018/0510,proceedings-article,http://iglc.net/Papers/Details/1606,2018,Constraint Removal and Work Plan Reliability: A Bridge Project Case Study
10.24928/2018/0511,proceedings-article,http://iglc.net/Papers/Details/1530,2018,Envision of an Integrated Information System for Projectdriven Production in Construction
10.24928/2018/0515,proceedings-article,http://iglc.net/Papers/Details/1622,2018,Innovative Quality Management in a Lean World
10.24928/2018/0516,proceedings-article,http://iglc.net/Papers/Details/1572,2018,Building Shared Understanding During Early Design
10.24928/2018/0520,proceedings-article,http://iglc.net/Papers/Details/1537,2018,Using BIM-Based Sheets as a Visual Management Tool for on-Site Instructions: A Case Study
10.24928/2018/0521,proceedings-article,http://iglc.net/Papers/Details/1547,2018,Integration Enabled by Virtual Design &amp; Construction as a Lean Implementation Strategy
10.24928/2018/0522,proceedings-article,http://iglc.net/Papers/Details/1573,2018,Lean Leadership Training: Lessons From a Learner-Centered Analysis
10.24928/2018/0524,proceedings-article,http://iglc.net/Papers/Details/1624,2018,A Conceptual Model for Value Chain Management in Construction Contractor Organisations
10.24928/2018/0527,proceedings-article,http://iglc.net/Papers/Details/1548,2018,Why Visual Management?
10.24928/2018/0532,proceedings-article,http://iglc.net/Papers/Details/1512,2018,"Behavior-Based Quality, Case Study of Closing the Knowing-Doing Gap"
10.24928/2018/0533,proceedings-article,http://iglc.net/Papers/Details/1549,2018,Value for Whom?
10.24928/2018/0535,proceedings-article,http://iglc.net/Papers/Details/1500,2018,Ad Hoc Data Analytics and Business Intelligence Service Framework for Construction Projects
10.24928/2018/0537,proceedings-article,http://iglc.net/Papers/Details/1589,2018,The Dual Nature of Design Management
10.24928/2018/0539,proceedings-article,http://iglc.net/Papers/Details/1539,2018,Tolerance Compliance Measurement Using Terrestrial Laser Scanner
10.24928/2018/0540,proceedings-article,http://iglc.net/Papers/Details/1625,2018,A New Perspective of Construction Logistics and Production Control: An Exploratory Study
10.24928/2018/0541,proceedings-article,http://iglc.net/Papers/Details/1574,2018,"Language, Moods, and Improving Project Performance"
10.24928/2018/0542,proceedings-article,http://iglc.net/Papers/Details/1610,2018,Combining Takt Planning With Prefabrication for Industrialized Construction
10.24928/2019,proceedings,http://iglc.net/Papers/Conference/29,2019,Proc. 27th Annual Conference of the International Group for Lean Construction (IGLC)
10.24928/2019/0106,proceedings-article,http://iglc.net/Papers/Details/1728,2019,Conceptual Foundations for a New Lean Bim-Based Production System in Construction
10.24928/2019/0117,proceedings-article,http://iglc.net/Papers/Details/1743,2019,Using Standardized Work to Prevent Construction Accidents
10.24928/2019/0120,proceedings-article,http://iglc.net/Papers/Details/1701,2019,Why Would Location-Based Scheduling Be Applicable for Offshore Oil and Gas Construction?
10.24928/2019/0121,proceedings-article,http://iglc.net/Papers/Details/1700,2019,Why Would Location-Based Scheduling Be Applicable for Offshore Wind Turbine Construction?
10.24928/2019/0125,proceedings-article,http://iglc.net/Papers/Details/1729,2019,Evaluating the Lean-Enabling Competencies of Clients
10.24928/2019/0126,proceedings-article,http://iglc.net/Papers/Details/1692,2019,Reconceptualising CREM Alignment to Account for Waste
10.24928/2019/0135,proceedings-article,http://iglc.net/Papers/Details/1682,2019,Optimizing Material-Related Costs Using Dynamic Site Layout and Supply Chain Planning
10.24928/2019/0136,proceedings-article,http://iglc.net/Papers/Details/1716,2019,Lean Construction Techniques and Individual Performance
10.24928/2019/0138,proceedings-article,http://iglc.net/Papers/Details/1673,2019,Lean Design Process for Formwork Engineering
10.24928/2019/0141,proceedings-article,http://iglc.net/Papers/Details/1742,2019,Mental Health in the Construction Industry: a Rapid Review
10.24928/2019/0142,proceedings-article,http://iglc.net/Papers/Details/1746,2019,A Survey of Simulation Modelling Techniques in Lean Construction Research
10.24928/2019/0146,proceedings-article,http://iglc.net/Papers/Details/1642,2019,"When a Business Case Is Not Enough, Motivation to Work With Lean"
10.24928/2019/0149,proceedings-article,http://iglc.net/Papers/Details/1718,2019,Exploring Interdisciplinary Collaboration in the Detailed Design Phase of Construction Projects
10.24928/2019/0153,proceedings-article,http://iglc.net/Papers/Details/1750,2019,Integrating Indoor Positioning Systems and BIM to Improve Situational Awareness
10.24928/2019/0158,proceedings-article,http://iglc.net/Papers/Details/1686,2019,Deciding Between Prefabrication and On-Site Construction: A Choosing-by-Advantage Approach
10.24928/2019/0159,proceedings-article,http://iglc.net/Papers/Details/1720,2019,A Conceptual Exploration of a Collaborative Environment in the Construction Industry When Working With Temporary Socio-Technical Processes
10.24928/2019/0164,proceedings-article,http://iglc.net/Papers/Details/1626,2019,Last Planner® System and Planned Percent Complete: An Examination of Individual Trade Performances
10.24928/2019/0165,proceedings-article,http://iglc.net/Papers/Details/1714,2019,Construction Progress Monitoring Using Unmanned Aerial System and 4D BIM
10.24928/2019/0166,proceedings-article,http://iglc.net/Papers/Details/1694,2019,Comparison of Collaboration and Trade Partner Commitment in Takt Implementation Cases
10.24928/2019/0168,proceedings-article,http://iglc.net/Papers/Details/1733,2019,Comparing Lean Construction With Experiences From Partnering and Design-Build Construction Projects in Norway
10.24928/2019/0172,proceedings-article,http://iglc.net/Papers/Details/1651,2019,Building and Sustaining a Culture With a Mindset for Disruptive Performance: A Case-Study From Bispevika Norway
10.24928/2019/0174.,proceedings-article,http://iglc.net/Papers/Details/1635,2019,"Piloting the Deployment of ISO 18404 in the Construction Sector, an Approach to Organisational Transformation"
10.24928/2019/0175,proceedings-article,http://iglc.net/Papers/Details/1744,2019,Analysis of Visual Management Practices for Construction Safety
10.24928/2019/0176,proceedings-article,http://iglc.net/Papers/Details/1732,2019,A Case Study on Improving Standardization in the Conception Phase by Developing Tools and Protocols
10.24928/2019/0178,proceedings-article,http://iglc.net/Papers/Details/1685,2019,Modularity in the Construction Industry: A Systematic Mapping Study
10.24928/2019/0182,proceedings-article,http://iglc.net/Papers/Details/1695,2019,Evaluating Multiskilling in Residential Construction Projects Using Regional Industry Simulation
10.24928/2019/0187,proceedings-article,http://iglc.net/Papers/Details/1691,2019,Integrating Lean Construction and Sustainability via a System Dynamics Framework
10.24928/2019/0193,proceedings-article,http://iglc.net/Papers/Details/1712,2019,Daily Management Application in a Dam Construction Project
10.24928/2019/0197,proceedings-article,http://iglc.net/Papers/Details/1668,2019,Process Versus Operations Workflow – Making the Case for Continuous Monitoring of Construction Operations
10.24928/2019/0199,proceedings-article,http://iglc.net/Papers/Details/1681,2019,Project Validation – a Novel Practice to Improve Value and Project Performance
10.24928/2019/0200,proceedings-article,http://iglc.net/Papers/Details/1647,2019,Establishing a Link Between the Last Planner System and Simulation: A Conceptual Framework
10.24928/2019/0201,proceedings-article,http://iglc.net/Papers/Details/1653,2019,The Power of Lean Principles
10.24928/2019/0204,proceedings-article,http://iglc.net/Papers/Details/1684,2019,"Toward Lean Management for Digital Fabrication: a Review of the Shared Practices of Lean, DfMA and dfab"
10.24928/2019/0205,proceedings-article,http://iglc.net/Papers/Details/1737,2019,From Concept Development to Implementation: Choosing by Advantages Across an Organization
10.24928/2019/0206,proceedings-article,http://iglc.net/Papers/Details/1697,2019,Team-Leader Walk as Interdiciplinary Comunication Tool at the Building Site
10.24928/2019/0207,proceedings-article,http://iglc.net/Papers/Details/1741,2019,An Active Caring Approach Through Psychological Safety in Construction Projects
10.24928/2019/0209,proceedings-article,http://iglc.net/Papers/Details/1721,2019,Does Choosing by Advantages Promote Inclusiveness in Group Decision-Making?
10.24928/2019/0211,proceedings-article,http://iglc.net/Papers/Details/1671,2019,The General Contractor Response to Platform Ecosystems
10.24928/2019/0212,proceedings-article,http://iglc.net/Papers/Details/1676,2019,Economics of Using a Distribution Center for a Renovation Housing Project
10.24928/2019/0214,proceedings-article,http://iglc.net/Papers/Details/1751,2019,Questionable Practice in the Processing of Building Permits in Norway
10.24928/2019/0217,proceedings-article,http://iglc.net/Papers/Details/1639,2019,Combining Lean and Agile Project Management in a Multi-Project Environment: Case Study in a Retail Company
10.24928/2019/0219,proceedings-article,http://iglc.net/Papers/Details/1641,2019,Capability-Building Competition in Construction: Case Study Reinterpretation
10.24928/2019/0222,proceedings-article,http://iglc.net/Papers/Details/1722,2019,Contracting for Collaboration in Construction
10.24928/2019/0227,proceedings-article,http://iglc.net/Papers/Details/1666,2019,Improving Construction Management Practice in the Gibraltar Construction Industry
10.24928/2019/0229,proceedings-article,http://iglc.net/Papers/Details/1669,2019,Comparing Lean Management Principles and Evolutionary Design in Nature
10.24928/2019/0231,proceedings-article,http://iglc.net/Papers/Details/1693,2019,Not Seeing the Wood for the Trees – A Gemba Walk Through a Timber Framed Housing Development
10.24928/2019/0235,proceedings-article,http://iglc.net/Papers/Details/1706,2019,A Proposed Lean Decision-Making Process for Building Energy Retrofits
10.24928/2019/0241,proceedings-article,http://iglc.net/Papers/Details/1633,2019,Developing a Tool to Assess Workers’ Understanding of Lean Concepts in Construction
10.24928/2019/0242,proceedings-article,http://iglc.net/Papers/Details/1731,2019,Implementation of Integrated Project Delivery in Lebanon: Overcoming the Challenges
10.24928/2019/0243,proceedings-article,http://iglc.net/Papers/Details/1680,2019,BIM for Production: Benefits and Challenges for Its Application in a Design-Bid-Build Project
10.24928/2019/0244,proceedings-article,http://iglc.net/Papers/Details/1661,2019,Teaching Target Value Design: A Simulation
10.24928/2019/0245,proceedings-article,http://iglc.net/Papers/Details/1634,2019,Team Health: A Measured Approach to Collective Learning
10.24928/2019/0248,proceedings-article,http://iglc.net/Papers/Details/1711,2019,Prediction of Environmental Performance Indicators for Construction Sites Based on Artificial Neural Networks
10.24928/2019/0250,proceedings-article,http://iglc.net/Papers/Details/1726,2019,Predicting Performance Indicators Using BIM and Simulation for a Wall Assembly Line
10.24928/2019/0253,proceedings-article,http://iglc.net/Papers/Details/1713,2019,Integration of Historic Building Information Modeling and Valuation Approaches for Managing Cultural Heritage Sites
10.24928/2019/0256,proceedings-article,http://iglc.net/Papers/Details/1704,2019,AHP and CBA Application to Layout Design: A Case of Classroom Layout Assessment
10.24928/2019/0259,proceedings-article,http://iglc.net/Papers/Details/1708,2019,Theory of Quality Management: Its Origins and History
10.24928/2019/0261,proceedings-article,http://iglc.net/Papers/Details/1658,2019,Can a Takt Plan Ever Survive Beyond the First Contact With the Trades On-Site?
10.24928/2019/0267,proceedings-article,http://iglc.net/Papers/Details/1707,2019,Connections Between Mass Customisation Practices in Housing and Lean Production
10.24928/2019/0268,proceedings-article,http://iglc.net/Papers/Details/1663,2019,Using TVD Simulation to Improve Collaboration
10.24928/2019/0270,proceedings-article,http://iglc.net/Papers/Details/1629,2019,The Prevailing Procurement System as a Source of Waste in Construction: A Case Study
10.24928/2019/0274,proceedings-article,http://iglc.net/Papers/Details/1734,2019,"Lean Construction Practice: Culture, Standardization and Informatization — A Case From China"
10.24928/2019/0101,proceedings-article,http://iglc.net/Papers/Details/1677,2019,The Development and Use of Last Planner® System (LPS) Guidance
10.24928/2019/0118,proceedings-article,http://iglc.net/Papers/Details/1655,2019,Implementing Takt Planning and Takt Control Into Residential Construction
10.24928/2019/0122,proceedings-article,http://iglc.net/Papers/Details/1725,2019,Digitizing Lean Construction With Building Information Modeling
10.24928/2019/0124,proceedings-article,http://iglc.net/Papers/Details/1735,2019,Measuring Project’S Team Culture in Projects Using the Last Planner System
10.24928/2019/0129,proceedings-article,http://iglc.net/Papers/Details/1710,2019,Principles of Mistakeproofing and Inventive Problem Solving (TRIZ)
10.24928/2019/0134,proceedings-article,http://iglc.net/Papers/Details/1643,2019,Singularity Functions to Enhance Monitoring in the Last Planner System
10.24928/2019/0139,proceedings-article,http://iglc.net/Papers/Details/1739,2019,Lessons for Construction: Delivering Mega Project on Time Through Culture and Hoshin Kanri
10.24928/2019/0140,proceedings-article,http://iglc.net/Papers/Details/1645,2019,Work Structuring for Flow
10.24928/2019/0143,proceedings-article,http://iglc.net/Papers/Details/1648,2019,Improving the Learning of Design Management Operations by Exploiting Production’s Feedback: Design Science Approach
10.24928/2019/0145,proceedings-article,http://iglc.net/Papers/Details/1736,2019,Qualitative Analysis for the Diagnosis of the Lean Construction Implementation
10.24928/2019/0147,proceedings-article,http://iglc.net/Papers/Details/1630,2019,Application of BIM Design Manuals: A Case Study
10.24928/2019/0148,proceedings-article,http://iglc.net/Papers/Details/1696,2019,Results of Indicators From the Linguistic Action Perspective in the Last Planner® System
10.24928/2019/0150,proceedings-article,http://iglc.net/Papers/Details/1748,2019,Lean and BIM Implementation in Colombia; Interactions and Lessons Learned
10.24928/2019/0151,proceedings-article,http://iglc.net/Papers/Details/1631,2019,Identifying Barriers in Lean Implementation in the Construction Industry
10.24928/2019/0152,proceedings-article,http://iglc.net/Papers/Details/1723,2019,BIM-Based Construction Progress Measurement of Non-Repetitive HVAC Installation Works
10.24928/2019/0154,proceedings-article,http://iglc.net/Papers/Details/1724,2019,Indoor Tracking of Construction Workers Using BLE: Mobile Beacons and Fixed Gateways vs. Fixed Beacons and Mobile Gateways
10.24928/2019/0155,proceedings-article,http://iglc.net/Papers/Details/1649,2019,Smart Data - Dealing With Task Complexity in Construction Scheduling
10.24928/2019/0156,proceedings-article,http://iglc.net/Papers/Details/1644,2019,Combining Takt Production With Industrialized Logistics in Construction
10.24928/2019/0157,proceedings-article,http://iglc.net/Papers/Details/1640,2019,Effects of IPD in Norway – A Case Study of the Tønsberg Project
10.24928/2019/0160,proceedings-article,http://iglc.net/Papers/Details/1650,2019,Enthusiasm for Lean
10.24928/2019/0161,proceedings-article,http://iglc.net/Papers/Details/1703,2019,A Predictive Method for Benefits Realisation Through Modelling Uncertainty in Front End Design
10.24928/2019/0167,proceedings-article,http://iglc.net/Papers/Details/1749,2019,Metrics in VDC Projects
10.24928/2019/0169,proceedings-article,http://iglc.net/Papers/Details/1632,2019,Building a Lean Culture: Engaging the Value Stream
10.24928/2019/0170,proceedings-article,http://iglc.net/Papers/Details/1627,2019,Best Value Procurement – Experiences From the Execution Phase
10.24928/2019/0173,proceedings-article,http://iglc.net/Papers/Details/1688,2019,From Checklists to Design Process Support Systems: Initial Framing
10.24928/2019/0177,proceedings-article,http://iglc.net/Papers/Details/1683,2019,"Lean, Automation and Modularization in Construction"
10.24928/2019/0183,proceedings-article,http://iglc.net/Papers/Details/1678,2019,Comparative Analysis of Project Performance Between Different Project Delivery Systems
10.24928/2019/0184,proceedings-article,http://iglc.net/Papers/Details/1679,2019,Implementing Lean Visual Tools on the Closeout Phase of a Globalscale Industrial Project
10.24928/2019/0185,proceedings-article,http://iglc.net/Papers/Details/1740,2019,Qualitative Analysis of Lean Tools in the Construction Sector in Colombia
10.24928/2019/0189,proceedings-article,http://iglc.net/Papers/Details/1646,2019,Improving Flow in Concrete Constructions by Avoiding Spatial Conflicts Between Pour Cycles
10.24928/2019/0190,proceedings-article,http://iglc.net/Papers/Details/1628,2019,Best Value Procurement From a Contractor Point of View
10.24928/2019/0191,proceedings-article,http://iglc.net/Papers/Details/1730,2019,The Introduction of AI in the Construction Industry and Its Impact on Human Behavior
10.24928/2019/0192,proceedings-article,http://iglc.net/Papers/Details/1719,2019,Soft Elements in Collaborative Project Delivery Methods
10.24928/2019/0194,proceedings-article,http://iglc.net/Papers/Details/1705,2019,Designing Municipal Waste Management Programs Using Choosing by Advantages and Design Structure Matrix
10.24928/2019/0195,proceedings-article,http://iglc.net/Papers/Details/1745,2019,Lean Construction and Maturity Models: Applying Five Methods
10.24928/2019/0196.,proceedings-article,http://iglc.net/Papers/Details/1670,2019,Proposal of a Model for Measuring Value in the Design Process
10.24928/2019/0202,proceedings-article,http://iglc.net/Papers/Details/1738,2019,Assessing the Level of Implementation of Lean Construction: An Audit Protocol
10.24928/2019/0203,proceedings-article,http://iglc.net/Papers/Details/1727,2019,Site Layout Planning Through BIM Visualisation – A Case Study
10.24928/2019/0208,proceedings-article,http://iglc.net/Papers/Details/1665,2019,Planning the BIM Process in AEC Projects
10.24928/2019/0216.,proceedings-article,http://iglc.net/Papers/Details/1637,2019,Changing Behaviors Upstream to Achieve Expected Outcomes
10.24928/2019/0220,proceedings-article,http://iglc.net/Papers/Details/1747,2019,Application of Virtual and Augmented Reality Techniques During Design and Construction Process of Building Projects
10.24928/2019/0221,proceedings-article,http://iglc.net/Papers/Details/1664,2019,Development and Testing of an Innovative Architectural Programming Simulation as a Precursor to Target Value Design
10.24928/2019/0223,proceedings-article,http://iglc.net/Papers/Details/1636,2019,Case Study in the Application of the Last Planner® System
10.24928/2019/0224,proceedings-article,http://iglc.net/Papers/Details/1715,2019,Factors Influencing the Use of Last Planner System Methods: An Empirical Study in Peru
10.24928/2019/0226,proceedings-article,http://iglc.net/Papers/Details/1656,2019,Buffer Management in Takt Planning – An Overview of Buffers in Takt Systems
10.24928/2019/0228,proceedings-article,http://iglc.net/Papers/Details/1699,2019,Flow in Takted Projects – A Practical Analysis of Flow and Resource Efficiency
10.24928/2019/0230,proceedings-article,http://iglc.net/Papers/Details/1662,2019,Sustainable Transit-Oriented Development: A ‘Target Value’ Planning &amp; Development Strategy
10.24928/2019/0232,proceedings-article,http://iglc.net/Papers/Details/1667,2019,"Takt Time Planning in Porsche Consulting, the Boldt Company and Veidekke"
10.24928/2019/0236,proceedings-article,http://iglc.net/Papers/Details/1702,2019,How Long Does It Take to Build an Apartment?
10.24928/2019/0238,proceedings-article,http://iglc.net/Papers/Details/1687,2019,An AHP Approach for Selecting and Identifying Off-Site Construction Systems
10.24928/2019/0239,proceedings-article,http://iglc.net/Papers/Details/1672,2019,How Stochastic Cost Estimates Could Be Applied in Relation to Target Value Design
10.24928/2019/0247,proceedings-article,http://iglc.net/Papers/Details/1657,2019,The Beauty of a Phase-Overlapping Last Planner System® With Incorporated Takt
10.24928/2019/0249,proceedings-article,http://iglc.net/Papers/Details/1654,2019,Lessons Learned on Teaching Choosing by Advantages
10.24928/2019/0251,proceedings-article,http://iglc.net/Papers/Details/1659,2019,Lean Design Management in a Major Infrastructure Project in UK
10.24928/2019/0252,proceedings-article,http://iglc.net/Papers/Details/1638,2019,Integrated Lean and Bim Processes for Modularised Construction – A Case Study
10.24928/2019/0254,proceedings-article,http://iglc.net/Papers/Details/1674,2019,A Framework for Understanding the Dynamic Nature of Value in Design and Construction
10.24928/2019/0255,proceedings-article,http://iglc.net/Papers/Details/1690,2019,Manager Perception and Decision for Making-Do in China v.s. In the U.S.
10.24928/2019/0257,proceedings-article,http://iglc.net/Papers/Details/1652,2019,Diffusion of Lean Construction in Small to Medium-Sized Enterprises of Housing Sector
10.24928/2019/0262,proceedings-article,http://iglc.net/Papers/Details/1709,2019,Developing a Conceptual Model for Value Delivery in Value Shop Configured Construction Projects
10.24928/2019/0263,proceedings-article,http://iglc.net/Papers/Details/1689,2019,Risk Management in Procurement of Blue-Green Roofs – A Project Owner Perspective
10.24928/2019/0265,proceedings-article,http://iglc.net/Papers/Details/1752,2019,Exploratory Study of ‘Costing Collaboratively’ in the Uk Construction Industry
10.24928/2019/0266,proceedings-article,http://iglc.net/Papers/Details/1675,2019,Performance Measurement in Lean Production Systems: An Exploration on Requirements and Taxonomies
10.24928/2019/0271,proceedings-article,http://iglc.net/Papers/Details/1660,2019,Organisational and Cultural Preconditions for Extending the Use of Takt-Time Planning
10.24928/2019/0272,proceedings-article,http://iglc.net/Papers/Details/1698,2019,Supply Chain Rhythm: Multidisciplinary Teams Through Collaborative Work Structuring
10.24928/2019/0273,proceedings-article,http://iglc.net/Papers/Details/1717,2019,Target Value Design in Real Estate Market: A Conceptual Map Model
10.24928/2020/0018,proceedings-article,http://iglc.net/Papers/Details/1763,2020,Integrated Project Delivery Adoption Framework for Construction Projects in India
10.24928/2020/0020,proceedings-article,http://iglc.net/Papers/Details/1765,2020,Production Process Evaluation for Earthworks
10.24928/2020/0028,proceedings-article,http://iglc.net/Papers/Details/1772,2020,Reducing Handoffs Between Sequential Trades: A Simulation
10.24928/2020/0048,proceedings-article,http://iglc.net/Papers/Details/1785,2020,Schedule Optimization of a Large Hospital Project – 4D Bim Starting With the Demolition
10.24928/2020/0063,proceedings-article,http://iglc.net/Papers/Details/1795,2020,Key Aspects of Maturity Assessment in Lean Construction
10.24928/2020/0072,proceedings-article,http://iglc.net/Papers/Details/1803,2020,Keeping Track of Productivity in House-Building
10.24928/2020/0080,proceedings-article,http://iglc.net/Papers/Details/1808,2020,Optimized Installation Flow – A Strategy for Substantial Cycle Time Reduction
10.24928/2020/0083,proceedings-article,http://iglc.net/Papers/Details/1810,2020,Lean Thinking for Structural Engineers
10.24928/2020/0089,proceedings-article,http://iglc.net/Papers/Details/1814,2020,Implementation of Last Planner® System in an Infrastructure Project
10.24928/2020/0091,proceedings-article,http://iglc.net/Papers/Details/1816,2020,Application of the Last Planner® System in a Sports Infrastructure Project in Peru
10.24928/2020/0097,proceedings-article,http://iglc.net/Papers/Details/1819,2020,Impact on Productive Stability Caused by Variations of Prestressed Precast Elements
10.24928/2020/0106,proceedings-article,http://iglc.net/Papers/Details/1822,2020,DMAIC Manual for an Integrated Management System: Application in a Construction Company
10.24928/2020/0107,proceedings-article,http://iglc.net/Papers/Details/1823,2020,Customizing Lean Leadership: New Facilitator Case Studies
10.24928/2020/0115,proceedings-article,http://iglc.net/Papers/Details/1827,2020,Lean Construction Planning Subject to Variations in Detailed Features of Fabricated Bridge Girders
10.24928/2020/0125,proceedings-article,http://iglc.net/Papers/Details/1833,2020,Application of Integrated Project Delivery Practices in Residential Construction
10.24928/2020/0131,proceedings-article,http://iglc.net/Papers/Details/1835,2020,Using 5D Models and Cba for Planning the Foundations and Concrete Structure Stages of a Complex Office Building
10.24928/2020/0135,proceedings-article,http://iglc.net/Papers/Details/1837,2020,Takt Performance Indicators
10.24928/2020/0136,proceedings-article,http://iglc.net/Papers/Details/1838,2020,Comparing the Methods of A3 and Canvas
10.24928/2020/0141,proceedings-article,http://iglc.net/Papers/Details/1841,2020,Negative Effects of Design-Bid-Build Procurement on Construction Projects
10.24928/2020,proceedings,http://iglc.net/Papers/Conference/30,2020,Proc. 28th Annual Conference of the International Group for Lean Construction (IGLC)
10.24928/2020/0002,proceedings-article,http://iglc.net/Papers/Details/1753,2020,Development of Collaboration in Planning: What Can Construction Project Management Learn From Other Fields?
10.24928/2020/0005,proceedings-article,http://iglc.net/Papers/Details/1754,2020,A Nigerian Cased-Based Study of Non-Value Adding Activities and Their Reduction in Concrete Paver Production
10.24928/2020/0006,proceedings-article,http://iglc.net/Papers/Details/1755,2020,"Divergent Beliefs About Productivity Despite Concurrent Engineering and Pull Planning, a Case Study"
10.24928/2020/0010,proceedings-article,http://iglc.net/Papers/Details/1756,2020,Effects of Implementation of 5S in Heavy Equipment Maintenance Workshops
10.24928/2020/0012,proceedings-article,http://iglc.net/Papers/Details/1757,2020,Agent-Based Modelling and Simulation of Construction Crew Performance
10.24928/2020/0013,proceedings-article,http://iglc.net/Papers/Details/1758,2020,Lean Construction Quality Assurance Opportunities in Highway Construction
10.24928/2020/0014,proceedings-article,http://iglc.net/Papers/Details/1759,2020,Applying Heat Maps to Define Workspace in Construction Based on Real-Time Tracking System With Coordinate Positioning Information
10.24928/2020/0015,proceedings-article,http://iglc.net/Papers/Details/1760,2020,Bim Application in the Operation and Maintenance Management of a Sports Infrastructure
10.24928/2020/0016,proceedings-article,http://iglc.net/Papers/Details/1761,2020,Improving Commissioning and Qualification Delivery Using Last Planner® System
10.24928/2020/0017,proceedings-article,http://iglc.net/Papers/Details/1762,2020,Takt Maturity Model: From Individual Successes Towards Systemic Change in Finland
10.24928/2020/0019,proceedings-article,http://iglc.net/Papers/Details/1764,2020,Value Stream Map and Visilean® for Prefabricated Concrete Panels Management
10.24928/2020/0021,proceedings-article,http://iglc.net/Papers/Details/1766,2020,The Role of Digitalized Visual Management to Empower Selfmanaged Crews in Construction Projects
10.24928/2020/0022,proceedings-article,http://iglc.net/Papers/Details/1767,2020,Construction Workers’ Situational Awareness – An Overlooked Perspective
10.24928/2020/0023,proceedings-article,http://iglc.net/Papers/Details/1768,2020,Construction Materials Flow Investigation – Delay Evaluation in a Sand Supply Chain With Simulation
10.24928/2020/0025,proceedings-article,http://iglc.net/Papers/Details/1769,2020,Lean Construction Principles and Railway Maintenance Planning
10.24928/2020/0026,proceedings-article,http://iglc.net/Papers/Details/1770,2020,Target Value Delivery in Bid Process
10.24928/2020/0027,proceedings-article,http://iglc.net/Papers/Details/1771,2020,Precast Concrete Building Construction Process Comparison
10.24928/2020/0029,proceedings-article,http://iglc.net/Papers/Details/1773,2020,Achieving Excellence in Lean Implementation at Construction Companies - A Case Study From Brazil
10.24928/2020/0030,proceedings-article,http://iglc.net/Papers/Details/1774,2020,Integrated Simulation and Lean Approach for Production Line Improvement in a Prefabricated Panelized Homebuilding Facility
10.24928/2020/0031,proceedings-article,http://iglc.net/Papers/Details/1775,2020,"Exploring the Relationship Among Planning Reliability (PPC), Linguistic Action Indicators and Social Network Metrics"
10.24928/2020/0032,proceedings-article,http://iglc.net/Papers/Details/1776,2020,Influence of the Built Environment on Patient Safety and Well-Being: A Functional Perspective
10.24928/2020/0034,proceedings-article,http://iglc.net/Papers/Details/1777,2020,Exploring Mistakeproofing in Healthcare Design
10.24928/2020/0035,proceedings-article,http://iglc.net/Papers/Details/1778,2020,Towards a Lean Behaviour Evaluation System in Latin American Construction
10.24928/2020/0036,proceedings-article,http://iglc.net/Papers/Details/1779,2020,Identifying Management Practices for Implementation of Obeya Rooms in Investment Projects in a Construction Stage
10.24928/2020/0038,proceedings-article,http://iglc.net/Papers/Details/1780,2020,Finding the Way to Success in Implementing Lean Construction in an Unfavourable Context
10.24928/2020/0039,proceedings-article,http://iglc.net/Papers/Details/1781,2020,"Model of Evaluation of Sustainability Performance in Building Projects Integrating Lean, Through the Delphi Method"
10.24928/2020/0040,proceedings-article,http://iglc.net/Papers/Details/1782,2020,Empirical Assessment of the Impact of VDC and Lean on Environment and Waste in Masonry Operations
10.24928/2020/0044,proceedings-article,http://iglc.net/Papers/Details/1783,2020,Measuring Project Value: A Review of Current Practices and Relation to Project Success
10.24928/2020/0047,proceedings-article,http://iglc.net/Papers/Details/1784,2020,"Exploring the Integration of Last Planner® System, Bim, and Construction Simulation"
10.24928/2020/0049,proceedings-article,http://iglc.net/Papers/Details/1786,2020,Lean Tools Proposal to Mitigate Delays and Cost Overruns in Construction Projects
10.24928/2020/0050,proceedings-article,http://iglc.net/Papers/Details/1787,2020,Why Is Product Modularity Underdeveloped in Construction?
10.24928/2020/0052,proceedings-article,http://iglc.net/Papers/Details/1788,2020,Using Percent Plan Completed for Early Success Assessment in the Last Planner System®
10.24928/2020/0056,proceedings-article,http://iglc.net/Papers/Details/1789,2020,"Lean, Psychological Safety, and Behavior-Based Quality: A Focus on People and Value Delivery"
10.24928/2020/0057,proceedings-article,http://iglc.net/Papers/Details/1790,2020,Benchmarking the Construction Industry: An Adaptation of the World Management Survey Methodology
10.24928/2020/0058,proceedings-article,http://iglc.net/Papers/Details/1791,2020,Accelerating the Last Planner System® (LPS) Uptake Using Virtual Reality and Serious Games: A Sociotechnical Conceptual Framework
10.24928/2020/0059,proceedings-article,http://iglc.net/Papers/Details/1792,2020,Barriers to Implementing Solar Energy Systems in Buildings: The Resident’s Perspective in Malaysia
10.24928/2020/0060,proceedings-article,http://iglc.net/Papers/Details/1793,2020,Using BIM With the Last Planner® System to Improve Constraints Analysis
10.24928/2020/0061,proceedings-article,http://iglc.net/Papers/Details/1794,2020,Visual Tool for Workload Leveling Using the Work Density Method for Takt Planning
10.24928/2020/0064,proceedings-article,http://iglc.net/Papers/Details/1796,2020,Front-End Design and Value Generation: A Housing Project Analysis
10.24928/2020/0065,proceedings-article,http://iglc.net/Papers/Details/1797,2020,Principles as a Bridge Between Theory and Practice
10.24928/2020/0067,proceedings-article,http://iglc.net/Papers/Details/1798,2020,An Approach to Capture Design and Construction Lessons Learned From Facility Managers
10.24928/2020/0068,proceedings-article,http://iglc.net/Papers/Details/1799,2020,Waste in Design Management Operations From the Viewpoint of Project Needs
10.24928/2020/0069,proceedings-article,http://iglc.net/Papers/Details/1800,2020,How Does Takt Production Contribute to Trade Flow in Construction?
10.24928/2020/0070,proceedings-article,http://iglc.net/Papers/Details/1801,2020,Design-Build Contracts in Norwegian Road Projects
10.24928/2020/0071,proceedings-article,http://iglc.net/Papers/Details/1802,2020,Digital Visual Management Tools in Design Management
10.24928/2020/0073,proceedings-article,http://iglc.net/Papers/Details/1804,2020,Collaboration Barometer – Development of a Tool for Measuring Collaboration During Design and Construction
10.24928/2020/0074,proceedings-article,http://iglc.net/Papers/Details/1805,2020,A Requirement Model for Lean Leadership in Construction Projects
10.24928/2020/0076,proceedings-article,http://iglc.net/Papers/Details/1806,2020,Takting the Parade of Trades: Use of Capacity Buffers to Gain Work Flow Reliability
10.24928/2020/0077,proceedings-article,http://iglc.net/Papers/Details/1807,2020,Application of Dynamic Spreadsheets in the Analysis of Waste by Making-Do
10.24928/2020/0082,proceedings-article,http://iglc.net/Papers/Details/1809,2020,"Analysis of Making-Do Waste at Construction Site in Fortaleza, Ceará, Brazil"
10.24928/2020/0084,proceedings-article,http://iglc.net/Papers/Details/1811,2020,Chain of Wastes: The Moderating Role of Making-Do
10.24928/2020/0086,proceedings-article,http://iglc.net/Papers/Details/1812,2020,Comparing Road Construction Projects Against an IPD Standard
10.24928/2020/0087,proceedings-article,http://iglc.net/Papers/Details/1813,2020,Maturity of TVD Implementation in Norwegian Public Building Projects
10.24928/2020/0090,proceedings-article,http://iglc.net/Papers/Details/1815,2020,Using Reasons for Non-Compliance to Assess Project Performance in the Last Planner System®
10.24928/2020/0093,proceedings-article,http://iglc.net/Papers/Details/1817,2020,Does Your Decision-Making Process Protect Customer Value?
10.24928/2020/0094,proceedings-article,http://iglc.net/Papers/Details/1818,2020,What Drives Our Project Teams?
10.24928/2020/0099,proceedings-article,http://iglc.net/Papers/Details/1820,2020,Use of Complaint Records of Maintenance Departments for Continuous Improvement
10.24928/2020/0103,proceedings-article,http://iglc.net/Papers/Details/1821,2020,Virtual Design and Construction Application During the Bidding Stage of Infrastructure Projects
10.24928/2020/0108,proceedings-article,http://iglc.net/Papers/Details/1824,2020,Applying BIM Tools in IPD Project in Peru
10.24928/2020/0109,proceedings-article,http://iglc.net/Papers/Details/1825,2020,Influence of Integrated Teams and Co-Location to Achieve the Target Cost in Building Projects
10.24928/2020/0110,proceedings-article,http://iglc.net/Papers/Details/1826,2020,Dynamics Model of the Flow Management of Construction Projects: Study of Case
10.24928/2020/0116,proceedings-article,http://iglc.net/Papers/Details/1828,2020,Capability-Building Competition in Design: Case Study
10.24928/2020/0119,proceedings-article,http://iglc.net/Papers/Details/1829,2020,Quantitative Framework for Measuring Effectiveness of Big Room
10.24928/2020/0121,proceedings-article,http://iglc.net/Papers/Details/1830,2020,Investigation of the Use of Lean Construction Practices in Transportation Construction Projects
10.24928/2020/0123,proceedings-article,http://iglc.net/Papers/Details/1831,2020,Experiences From Allowing Maximum Two Contract Tiers in the Vertical Supply Chain
10.24928/2020/0124,proceedings-article,http://iglc.net/Papers/Details/1832,2020,Implementation of Production System Design in House Building Projects: A Lean Journey in Chile
10.24928/2020/0127,proceedings-article,http://iglc.net/Papers/Details/1834,2020,Effects of Partnering Elements: An Exploratory Case Study
10.24928/2020/0132,proceedings-article,http://iglc.net/Papers/Details/1836,2020,Sustainability Performance Evaluation in Building Projects by Integrating Lean and Sustainable Management Using the Delphi Method
10.24928/2020/0137,proceedings-article,http://iglc.net/Papers/Details/1839,2020,Design Thinking in Action: A DPR Case Study to Develop a Sustainable Digital Solution for Labor Resource Management
10.24928/2020/0138,proceedings-article,http://iglc.net/Papers/Details/1840,2020,Lean Toolbox Approach for Effective Preparation of Housing Refurbishment Projects Using Critical Success Factors
10.24928/2021/0114,proceedings-article,http://iglc.net/Papers/Details/1847,2021,Results of Key Indicators From Linguistic Action Perspective in Pandemic: Case Study
10.24928/2021/0125,proceedings-article,http://iglc.net/Papers/Details/1853,2021,Lean Teams and Behavioral Dynamics: Understanding the Link
10.24928/2021/0128,proceedings-article,http://iglc.net/Papers/Details/1907,2021,Early Due Low Uncertainty (EDLU) for Improving Supply Chain  Performance Under Order  Variability in Precast Concrete  Production
10.24928/2021/0134,proceedings-article,http://iglc.net/Papers/Details/1857,2021,Potential of Gamification for Lean Construction Training: An Exploratory Study
10.24928/2021/0135,proceedings-article,http://iglc.net/Papers/Details/1858,2021,The Emergence and Growth of the on-Line Serious Games and Participatory Simulation Group “APLSO”
10.24928/2021/0140,proceedings-article,http://iglc.net/Papers/Details/1860,2021,Using Storytelling to Understand a Company´s Lean Journey
10.24928/2021/0141,proceedings-article,http://iglc.net/Papers/Details/1913,2021,Productivity Monitoring of  Construction Activities Using  Digital Technologies: A Literature  Review
10.24928/2021/0145,proceedings-article,http://iglc.net/Papers/Details/1862,2021,The Effect of Classroom Environment on Satisfaction and Performance: Towards IoT-Sustainable Space
10.24928/2021/0146,proceedings-article,http://iglc.net/Papers/Details/1863,2021,Exploring Visual Management Purposes in Construction Projects
10.24928/2021/0150,proceedings-article,http://iglc.net/Papers/Details/1918,2021,"Lean Renovation – a Case Study of  Productivity, Flow, and Time  Improvements"
10.24928/2021/0152,proceedings-article,http://iglc.net/Papers/Details/1866,2021,Development and Testing of the 5S Puzzle Game
10.24928/2021/0156,proceedings-article,http://iglc.net/Papers/Details/1920,2021,Brought by Degrees: A Focus on the Current Indicators of Lean  ‘Smartness’ in Smart Cities
10.24928/2021/0164,proceedings-article,http://iglc.net/Papers/Details/1872,2021,Lean Contributions to BIM Processes: The Case of Clash Management in Highways Design
10.24928/2021/0177,proceedings-article,http://iglc.net/Papers/Details/1877,2021,Shifting the Focus of Discussion: From Cost (Under)Estimation to Cost Reduction
10.24928/2021/0190,proceedings-article,http://iglc.net/Papers/Details/1886,2021,Development and Testing of a Simulation Game on Waste Elimination Using Lean Practices
10.24928/2021/0192,proceedings-article,http://iglc.net/Papers/Details/1887,2021,Developing a Lean Culture Index in Construction
10.24928/2021/0198,proceedings-article,http://iglc.net/Papers/Details/1932,2021,Takting the Sustainability of  Construction Processes: An  Environmental Assessment Method
10.24928/2021/0201,proceedings-article,http://iglc.net/Papers/Details/1933,2021,Building Quality Builders: Lessons  Learned From a Companywide  Training on Behavior-Based Quality
10.24928/2021/0208,proceedings-article,http://iglc.net/Papers/Details/1892,2021,Lean and BIM Interaction in a High Rise Building
10.24928/2021/0210,proceedings-article,http://iglc.net/Papers/Details/1938,2021,Composition and Impact of Reasons  for Noncompletion in  Construction Projects
10.24928/2021/0211,proceedings-article,http://iglc.net/Papers/Details/1893,2021,The Importance of Alignment
10.24928/2021/0219,proceedings-article,http://iglc.net/Papers/Details/1896,2021,Choosing by Advantages for the Selection of a New Member of the Project Team
10.24928/2021,proceedings,http://iglc.net/Papers/Conference/31,2021,Proc. 29th Annual Conference of the International Group for Lean Construction (IGLC)
10.24928/2021/0102,proceedings-article,http://iglc.net/Papers/Details/1842,2021,Role of a Digital Last Planner® System to Ensuring Safe and Productive Workforce and Workflow in Covid-19 Pandemic
10.24928/2021/0104,proceedings-article,http://iglc.net/Papers/Details/1843,2021,A Case-Based Study of Lean Culture Among South African Contractors
10.24928/2021/0105,proceedings-article,http://iglc.net/Papers/Details/1844,2021,Defining Lean Construction Capability From an Ambidextrous Perspective
10.24928/2021/0106,proceedings-article,http://iglc.net/Papers/Details/1845,2021,A Review of Components and Configurations of Survey Research in Lean Construction
10.24928/2021/0107,proceedings-article,http://iglc.net/Papers/Details/1898,2021,Combining Lean Methods to Improve  Construction Labour Efficiency in  Renovation Projects
10.24928/2021/0108,proceedings-article,http://iglc.net/Papers/Details/1899,2021,Implementing Elements of Last  Planner® System in the Orchestra  Wheel Method
10.24928/2021/0110,proceedings-article,http://iglc.net/Papers/Details/1846,2021,The Role of Common Data Environments as Enabler for Reliabe Digital Lean Construction Management
10.24928/2021/0111,proceedings-article,http://iglc.net/Papers/Details/1900,2021,A Model to Link Takt Schedules and  Operations in Construction
10.24928/2021/0113,proceedings-article,http://iglc.net/Papers/Details/1901,2021,Implementing Takt Production in  Renovation Projects
10.24928/2021/0115,proceedings-article,http://iglc.net/Papers/Details/1848,2021,What a Waste of Time
10.24928/2021/0116,proceedings-article,http://iglc.net/Papers/Details/1849,2021,Improving Street Reconstruction Projects in City Centers Through Collaborative Practices
10.24928/2021/0117,proceedings-article,http://iglc.net/Papers/Details/1850,2021,Teaching Target Value Design for Digital Fabrication in an Online Game: Overview and Case Study
10.24928/2021/0118,proceedings-article,http://iglc.net/Papers/Details/1902,2021,Takt Production as Operations  Strategy: Client’s Perspective to  Value-Creation and Flow
10.24928/2021/0119,proceedings-article,http://iglc.net/Papers/Details/1903,2021,Last Planner® System  Implementation Health Check
10.24928/2021/0120,proceedings-article,http://iglc.net/Papers/Details/1904,2021,Reducing Construction Logistics  Costs and Embodied Carbon With  Ccc and Kitting: A Case Study
10.24928/2021/0121,proceedings-article,http://iglc.net/Papers/Details/1905,2021,A Conceptual Model to Determine  the Impact of Off-Site Construction  on Labour Productivity
10.24928/2021/0122,proceedings-article,http://iglc.net/Papers/Details/1906,2021,Implementation of BIM and Lean  Construction in Offsite Housing  Construction: Evidence From the UK
10.24928/2021/0123,proceedings-article,http://iglc.net/Papers/Details/1851,2021,Agency Problems as a Driver for Crime in the Aec-Industry
10.24928/2021/0124,proceedings-article,http://iglc.net/Papers/Details/1852,2021,"Understanding the Interaction Between Virtual Design, Construction and Lean Construction"
10.24928/2021/0126,proceedings-article,http://iglc.net/Papers/Details/1854,2021,Reengineering Construction Processes in the Era of Construction 4.0: A Lean-Based Framework
10.24928/2021/0129,proceedings-article,http://iglc.net/Papers/Details/1855,2021,Challenges of Virtual Design and Construction Implementation in Public Projects
10.24928/2021/0130,proceedings-article,http://iglc.net/Papers/Details/1908,2021,Lean Design in Hydraulic  Infrastructure – River Defenses  and Dikes - A Case Study From Peru
10.24928/2021/0131,proceedings-article,http://iglc.net/Papers/Details/1856,2021,Development of Target Cost for a High-Performance Building
10.24928/2021/0132,proceedings-article,http://iglc.net/Papers/Details/1909,2021,Review of Construction Supply  Chain Optimization Papers for  Performance Improvement
10.24928/2021/0133,proceedings-article,http://iglc.net/Papers/Details/1910,2021,Product Variety in Construction: A  Critical Review and Way Forward
10.24928/2021/0136,proceedings-article,http://iglc.net/Papers/Details/1859,2021,Digitalization of Lean Learning Simulations: Teaching Lean Principles and Last Planner® System
10.24928/2021/0137,proceedings-article,http://iglc.net/Papers/Details/1911,2021,"Last Planner, Everyday Learning, Shared Understanding &amp; Rework"
10.24928/2021/0138,proceedings-article,http://iglc.net/Papers/Details/1912,2021,Contribution of UAS Monitoring to  Safety Planning and Control
10.24928/2021/0142,proceedings-article,http://iglc.net/Papers/Details/1861,2021,Monitoring of Linguistic Action Perspective During Online Weekly  Work Planning Meetings
10.24928/2021/0143,proceedings-article,http://iglc.net/Papers/Details/1914,2021,Enhancing Internal Vertical Logistics Flows in High-Rise  Construction: An Exploratory  Study
10.24928/2021/0144,proceedings-article,http://iglc.net/Papers/Details/1915,2021,"Design Process Stability: Observations of Batch Size,  Throughput Time and Reliability in  Design"
10.24928/2021/0147,proceedings-article,http://iglc.net/Papers/Details/1916,2021,Application of Information Theory  in Last Planner® System for Work  Plan Reliability
10.24928/2021/0148,proceedings-article,http://iglc.net/Papers/Details/1917,2021,Reality Capture Connecting  Project Stakeholders
10.24928/2021/0149,proceedings-article,http://iglc.net/Papers/Details/1864,2021,Lean Construction and Organizational Knowledge Creation
10.24928/2021/0151,proceedings-article,http://iglc.net/Papers/Details/1865,2021,Evaluation of Lean Principles in Building Maintenance Management
10.24928/2021/0154,proceedings-article,http://iglc.net/Papers/Details/1867,2021,Developing a Framework for Systemic Transformation of the Construction Industry
10.24928/2021/0155,proceedings-article,http://iglc.net/Papers/Details/1919,2021,Challenges in Industrialized  Renovation of Apartment Buildings
10.24928/2021/0158,proceedings-article,http://iglc.net/Papers/Details/1868,2021,Trust and Control in the Context of Integrated Project Delivery
10.24928/2021/0160,proceedings-article,http://iglc.net/Papers/Details/1869,2021,Lean Construction in a Serious Game Using a Multiplayer Virtual Reality Environment
10.24928/2021/0161,proceedings-article,http://iglc.net/Papers/Details/1870,2021,LPS Implementation Using Physical and Digital Visual Management-Based Tools: A Case Study in Luxembourg
10.24928/2021/0162,proceedings-article,http://iglc.net/Papers/Details/1871,2021,The Impact of BVP in a TVD Based Project Delivery
10.24928/2021/0166,proceedings-article,http://iglc.net/Papers/Details/1921,2021,"Road Construction Labor  Performance Control Using PPC,  PCR and RNC During the Pandemic"
10.24928/2021/0167,proceedings-article,http://iglc.net/Papers/Details/1922,2021,Last Planner® System on the  Minnevika Bridge Project
10.24928/2021/0168,proceedings-article,http://iglc.net/Papers/Details/1873,2021,"Project Delivery Contract Language, Schedules, and Collaboration"
10.24928/2021/0169,proceedings-article,http://iglc.net/Papers/Details/1923,2021,Production Planning and Control  as-Imagined and as-Done: The Gap at  the Look-Ahead Level
10.24928/2021/0170,proceedings-article,http://iglc.net/Papers/Details/1874,2021,Exploring Controlled Experimental Settings for Lean Construction Research
10.24928/2021/0171,proceedings-article,http://iglc.net/Papers/Details/1924,2021,Buffer Types and Methods of  Deployment in Construction
10.24928/2021/0172,proceedings-article,http://iglc.net/Papers/Details/1925,2021,The Built Environment´s Influence  on Resilience of Healthcare Services: Lessons Learnt From the  Covid-19 Pandemic
10.24928/2021/0173,proceedings-article,http://iglc.net/Papers/Details/1875,2021,An Exploratory Study of the Main Barriers to Lean Construction Implementation in Peru
10.24928/2021/0175,proceedings-article,http://iglc.net/Papers/Details/1926,2021,Preventing the Parade of Delays in  Takt Production
10.24928/2021/0176,proceedings-article,http://iglc.net/Papers/Details/1876,2021,Living Labs in a Lean Perspective
10.24928/2021/0178,proceedings-article,http://iglc.net/Papers/Details/1878,2021,Slack in Construction - Part 2: Practical Applications
10.24928/2021/0179,proceedings-article,http://iglc.net/Papers/Details/1879,2021,A Framework for Implementing the Last Planner® System in a Virtual Environment
10.24928/2021/0180,proceedings-article,http://iglc.net/Papers/Details/1880,2021,"Feasibility of Stakeholder Management to Improve Integration and Communication Using Big Room, Lean Construction, PMBOK and PRINCE2 in Multifamily Projects in Times of Change"
10.24928/2021/0181,proceedings-article,http://iglc.net/Papers/Details/1881,2021,Lean Construction 4.0: Exploring the Challenges of Development in the AEC Industry
10.24928/2021/0182,proceedings-article,http://iglc.net/Papers/Details/1882,2021,The Lifecycle Value of Facility Management Professionals
10.24928/2021/0183,proceedings-article,http://iglc.net/Papers/Details/1883,2021,Slack in Construction - Part 1: Core Concepts
10.24928/2021/0184,proceedings-article,http://iglc.net/Papers/Details/1927,2021,Can Last Planner® System Help to  Overcome the Negative Effects of  Design-Bid-Build?
10.24928/2021/0185,proceedings-article,http://iglc.net/Papers/Details/1884,2021,Target Value Design: Development and Testing of a Virtual Simulation
10.24928/2021/0186,proceedings-article,http://iglc.net/Papers/Details/1928,2021,Application of Ji Koutei Kanketsu in  Highways Design Process  Improvement
10.24928/2021/0188,proceedings-article,http://iglc.net/Papers/Details/1885,2021,The Ethical and Social Dilemma of AI Uses in the Construction Industry
10.24928/2021/0189,proceedings-article,http://iglc.net/Papers/Details/1929,2021,Use of Value Stream Mapping in a  Case Study in Basement  Construction
10.24928/2021/0193,proceedings-article,http://iglc.net/Papers/Details/1930,2021,The Impact of Implementing a  System Approach to Quality: A  General Contractor Case Study
10.24928/2021/0194,proceedings-article,http://iglc.net/Papers/Details/1888,2021,The Toyota Kata Methodology for Managing the Maturity Level of Last Planner® System
10.24928/2021/0195,proceedings-article,http://iglc.net/Papers/Details/1931,2021,Improving Non-Repetitive Takt  Production With Visual  Management
10.24928/2021/0199,proceedings-article,http://iglc.net/Papers/Details/1889,2021,BIM and Visual Programming Language Supporting Project Constructability
10.24928/2021/0202,proceedings-article,http://iglc.net/Papers/Details/1934,2021,Strengthening Target Value Design  Benefits in Real Estate Market  Through Living Labs
10.24928/2021/0203,proceedings-article,http://iglc.net/Papers/Details/1890,2021,Virtual Parade Game for Lean Teaching and Learning in Students From Brazil and Chile
10.24928/2021/0204,proceedings-article,http://iglc.net/Papers/Details/1935,2021,Variety in Variability in Heavy Civil Engineering
10.24928/2021/0205,proceedings-article,http://iglc.net/Papers/Details/1936,2021,Proposal Model for the  Management of Construction Based  on Flows – a Complex Adaptive  System
10.24928/2021/0207,proceedings-article,http://iglc.net/Papers/Details/1891,2021,Assessing Impact of Organizational Change for a Systems Approach to Quality
10.24928/2021/0209,proceedings-article,http://iglc.net/Papers/Details/1937,2021,Applying CBA to Decide the Best  Excavation Method: Scenario  During the Covid-19 Pandemic
10.24928/2021/0213,proceedings-article,http://iglc.net/Papers/Details/1894,2021,Exploratory Study of the Main Lean Tools in Construction Projects in Peru
10.24928/2021/0215,proceedings-article,http://iglc.net/Papers/Details/1939,2021,"Implementation of Lean  Construction as a Solution for the  Covid-19 Impacts in Residential  Construction Projects in Lima, Peru"
10.24928/2021/0216,proceedings-article,http://iglc.net/Papers/Details/1895,2021,A Scenario-Based Model for the Study of Collaboration in Construction
10.24928/2021/0221,proceedings-article,http://iglc.net/Papers/Details/1897,2021,Competitive Capability-Building for Integrated Design Scheduling and Management
10.24928/2022/0103,proceedings-article,http://iglc.net/Papers/Details/1942,2022,Nine Innovation Barriers in Australian Construction Contracting
10.24928/2022/0104,proceedings-article,http://iglc.net/Papers/Details/1943,2022,Role of Lean and VDC in Reducing Physical and Operational Waste and Environmental Impact
10.24928/2022/0105,proceedings-article,http://iglc.net/Papers/Details/1944,2022,Effects of Daily Management on Design Reliability
10.24928/2022/0114,proceedings-article,http://iglc.net/Papers/Details/1950,2022,Towards Integrated Implementation of IPD and DFMA for Construction Projects: A Review
10.24928/2022/0116,proceedings-article,http://iglc.net/Papers/Details/1952,2022,Uncovering and Visualizing Work Process Interruptions Through Quantitative Workflow Analysis
10.24928/2022/0121,proceedings-article,http://iglc.net/Papers/Details/1956,2022,Location-Based Work Sampling
10.24928/2022/0122,proceedings-article,http://iglc.net/Papers/Details/1957,2022,Synergies Between Lean Construction and Artificial Intelligence: AI Driven Continuous Improvement Process
10.24928/2022/0124,proceedings-article,http://iglc.net/Papers/Details/1958,2022,Influence of Last Planner® System Adoption Level on Project Management and Communication
10.24928/2022/0127,proceedings-article,http://iglc.net/Papers/Details/1961,2022,Robustness of Work Sampling for Measuring Time Waste
10.24928/2022/0132,proceedings-article,http://iglc.net/Papers/Details/1966,2022,Lean Simulation Game With BIM-Based Progress Monitoring for Takt Control
10.24928/2022/0134,proceedings-article,http://iglc.net/Papers/Details/1968,2022,Strategic Partnering Between Contractors and Designers
10.24928/2022/0136,proceedings-article,http://iglc.net/Papers/Details/1970,2022,Kaizen as an Improvement Method for Concrete Walls Construction in Social Housing Project
10.24928/2022/0138,proceedings-article,http://iglc.net/Papers/Details/1971,2022,Using Pull Planning as a Method for the Certificate of Occupancy Process
10.24928/2022/0140,proceedings-article,http://iglc.net/Papers/Details/1972,2022,Continuous Improvement of Takt Production With Data-Driven Knowledge Management Approach
10.24928/2022/0142,proceedings-article,http://iglc.net/Papers/Details/1973,2022,Managing Product Information for Lean Construction: Use Cases and a Proposed Process
10.24928/2022/0152,proceedings-article,http://iglc.net/Papers/Details/1980,2022,Eliciting Requirements in Social Housing Retrofit Projects: Tools and Processes Within a Living Lab Setting
10.24928/2022/0153,proceedings-article,http://iglc.net/Papers/Details/1981,2022,Social Interactions and Team Dynamics in a Last Planner Meeting: an Observational Method
10.24928/2022/0159,proceedings-article,http://iglc.net/Papers/Details/1986,2022,Identifying the Impact on Labor Productivity From Design Choices Through Work Sampling
10.24928/2022/0160,proceedings-article,http://iglc.net/Papers/Details/1987,2022,The Dual Nature of Complexity in Construction Management–Call for a Renewed Debate
10.24928/2022/0163,proceedings-article,http://iglc.net/Papers/Details/1990,2022,Defining More Sustainable and Innovative Solutions Through Choosing by Advantages
10.24928/2022/0167,proceedings-article,http://iglc.net/Papers/Details/1993,2022,Employee’s Mental Wellbeing With Reference to IEQ and Managerial Environment in Office Spaces
10.24928/2022/0169,proceedings-article,http://iglc.net/Papers/Details/1994,2022,"Mechanical, Electrical and Plumbing Coordination Practices: Case Finnish Construction Market"
10.24928/2022/0172,proceedings-article,http://iglc.net/Papers/Details/1995,2022,Exploring the Use of Digital Visual Management for Last Planner System Implementation
10.24928/2022/0174,proceedings-article,http://iglc.net/Papers/Details/1997,2022,A Cognitive Review for Improving the Collaboration Between BIM and Lean Experts
10.24928/2022/0186,proceedings-article,http://iglc.net/Papers/Details/2004,2022,Implementing Lookahead Planning and Digital Tools to Enable Scalability and Set of Information in a Multi-Site Lean Implementation
10.24928/2022/0189,proceedings-article,http://iglc.net/Papers/Details/2006,2022,Sensemaking of Guiding Principles in Construction Projects
10.24928/2022/0195,proceedings-article,http://iglc.net/Papers/Details/2011,2022,Categorization of Construction Tasks for Robotics Using Lean vs Value-Added Effectiveness Framework
10.24928/2022/0196,proceedings-article,http://iglc.net/Papers/Details/2012,2022,CBA as a Differentiator to Win Projects in Pursuit: A Case Study
10.24928/2022/0198,proceedings-article,http://iglc.net/Papers/Details/2014,2022,Takt Planning: An Enabler for Lean Construction
10.24928/2022/0199,proceedings-article,http://iglc.net/Papers/Details/2015,2022,So Many Flows!
10.24928/2022/0200,proceedings-article,http://iglc.net/Papers/Details/2016,2022,The Impacts of Lean Implementation Revealed in the Course of Building a Digital Twin of a Construction Manufacturing Facility
10.24928/2022/0206,proceedings-article,http://iglc.net/Papers/Details/2022,2022,LPS Performance Diagnosis Model Using Fuzzy Inference System
10.24928/2022/0207,proceedings-article,http://iglc.net/Papers/Details/2023,2022,Assessing Quality Performance Outcomes and the Relationship With Staffing: A General Contractor Case Study
10.24928/2022/0209,proceedings-article,http://iglc.net/Papers/Details/2025,2022,Capacity Building: Learning From Corporate Successes Outside Construction
10.24928/2022/0212,proceedings-article,http://iglc.net/Papers/Details/2028,2022,How to Choose the Best Media to Implement the Choosing by Advantages (CBA) Tabular Method
10.24928/2022/0217,proceedings-article,http://iglc.net/Papers/Details/2033,2022,Reducing Bias in the Hiring Process Through Choosing by Advantages: A Case Study
10.24928/2022/0222,proceedings-article,http://iglc.net/Papers/Details/2036,2022,Building Interdisciplinary Teams Through Student Design Competitions: A Case Study
10.24928/2022/0223,proceedings-article,http://iglc.net/Papers/Details/2037,2022,"Establishing Design Metrics to Inform Design Change, Increase Project Team Communication, and Reduce Waste: A Healthcare Case Study"
10.24928/2022/0224,proceedings-article,http://iglc.net/Papers/Details/2038,2022,Evaluation of Construction Performance With the Use of LPS and Precast Slabs in Residential Buildings
10.24928/2022,proceedings,http://iglc.net/Papers/Conference/32,2022,Proc. 30th Annual Conference of the International Group for Lean Construction (IGLC)
10.24928/2022/0101,proceedings-article,http://iglc.net/Papers/Details/1940,2022,Lean Thinking to Improve Curriculum Delivery in Civil Engineering Using Monte Carlo Simulation
10.24928/2022/0102,proceedings-article,http://iglc.net/Papers/Details/1941,2022,Takt Planning Effectiveness Into One Billion Dollars Projects
10.24928/2022/0106,proceedings-article,http://iglc.net/Papers/Details/1945,2022,Findings on the Use of the Last Planner System—a Case Study
10.24928/2022/0109,proceedings-article,http://iglc.net/Papers/Details/1946,2022,Development of an Educational Game to Teach Integrated Project Delivery Principles
10.24928/2022/0111,proceedings-article,http://iglc.net/Papers/Details/1947,2022,"Decreasing Waste in Mechanical, Electrical and Plumbing Work"
10.24928/2022/0112,proceedings-article,http://iglc.net/Papers/Details/1948,2022,Assembly Process in Off-Site Construction: Self-Lock Device as a Key to a Lean Approach
10.24928/2022/0113,proceedings-article,http://iglc.net/Papers/Details/1949,2022,Rethinking Project Delivery to Focus on Value and Innovation in the Public Sector
10.24928/2022/0115,proceedings-article,http://iglc.net/Papers/Details/1951,2022,Value-Adding Index - Share of Direct Work Included in Uninterrupted Presence Time
10.24928/2022/0118,proceedings-article,http://iglc.net/Papers/Details/1953,2022,Hybrid Lean Decision-Making Framework Integrating Value Stream Mapping and Simulation: A Manufacturing Case Study
10.24928/2022/0119,proceedings-article,http://iglc.net/Papers/Details/1954,2022,Situational Awareness in Construction Projects Using Takt Production
10.24928/2022/0120,proceedings-article,http://iglc.net/Papers/Details/1955,2022,Scrum Complementing Last Planner System – a Case Study
10.24928/2022/0125,proceedings-article,http://iglc.net/Papers/Details/1959,2022,Breakdown Work Sampling
10.24928/2022/0126,proceedings-article,http://iglc.net/Papers/Details/1960,2022,Digital Twins and Lean Construction: Challenges for Future Practical Applications
10.24928/2022/0128,proceedings-article,http://iglc.net/Papers/Details/1962,2022,Collaborative Method for Training and Implementing the Line of Balance
10.24928/2022/0129,proceedings-article,http://iglc.net/Papers/Details/1963,2022,Challenges and Importance of Human Beings Within the Last Planner System in Colombia: A Case Study
10.24928/2022/0130,proceedings-article,http://iglc.net/Papers/Details/1964,2022,Why Is Flow Not Flowing in the Construction Industry?
10.24928/2022/0131,proceedings-article,http://iglc.net/Papers/Details/1965,2022,Putting the Collaborative Style of a Successful Football Team in a Lean Construction Context
10.24928/2022/0133,proceedings-article,http://iglc.net/Papers/Details/1967,2022,A Framework for Enhancing the Engineering Review Process in Oil and Gas EPC Projects
10.24928/2022/0135,proceedings-article,http://iglc.net/Papers/Details/1969,2022,Developing &amp; Testing a Value Stream Map Simulation: Helping the Construction Industry Learn to See
10.24928/2022/0143,proceedings-article,http://iglc.net/Papers/Details/1974,2022,Is Construction Industry Still Performing Worse Than Other Industries?
10.24928/2022/0144,proceedings-article,http://iglc.net/Papers/Details/1975,2022,Location-Based Planning to Promote Safe Distancing During Construction Activities
10.24928/2022/0145,proceedings-article,http://iglc.net/Papers/Details/1976,2022,Hybrid Simulation for Value Stream Mapping to Improve the Environmental Performance of the Construction Phase
10.24928/2022/0147,proceedings-article,http://iglc.net/Papers/Details/1977,2022,Method of Industrialization Potential Analysis of Construction Systems
10.24928/2022/0149,proceedings-article,http://iglc.net/Papers/Details/1978,2022,Towards a Citizen Centered Smart City: Integrating LeanThinking and Social Wellbeing
10.24928/2022/0150,proceedings-article,http://iglc.net/Papers/Details/1979,2022,Ideation Framework in Industrialized Construction
10.24928/2022/0154,proceedings-article,http://iglc.net/Papers/Details/1982,2022,Impact of Lean Practices in the Planning of Design Tasks: Evidence From Two Projects in France
10.24928/2022/0155,proceedings-article,http://iglc.net/Papers/Details/1983,2022,Devising and Implementing Process Models Within Infrastructure Engineering Design
10.24928/2022/0156,proceedings-article,http://iglc.net/Papers/Details/1984,2022,Visual Management Standard of the Reinforcement Steel Process in Mexico.
10.24928/2022/0157,proceedings-article,http://iglc.net/Papers/Details/1985,2022,Superior Contractor Performance: a Barrier to Lean Construction Adoption in Australia
10.24928/2022/0161,proceedings-article,http://iglc.net/Papers/Details/1988,2022,Applying a DFMA Approach in the Redesign of Steel Bracket -a Case Study in Post and Beam System
10.24928/2022/0162,proceedings-article,http://iglc.net/Papers/Details/1989,2022,A Conceptual Framework for Lean Construction and Blockchain Synergy
10.24928/2022/0164,proceedings-article,http://iglc.net/Papers/Details/1991,2022,Project Pull Planning Based on Location: From Construction to Design
10.24928/2022/0165,proceedings-article,http://iglc.net/Papers/Details/1992,2022,The Synergies Between Lean and BIM: A Practical and Theoretical Comparison
10.24928/2022/0173,proceedings-article,http://iglc.net/Papers/Details/1996,2022,Lean Public Construction in the Project Definition Phase: The Case of Peru
10.24928/2022/0175,proceedings-article,http://iglc.net/Papers/Details/1998,2022,How Does Flow Impact Data Center Roofing Durations? A Case Study
10.24928/2022/0177,proceedings-article,http://iglc.net/Papers/Details/1999,2022,"Projects Are Becoming ‘Lean’, but Not Organisations"
10.24928/2022/0179,proceedings-article,http://iglc.net/Papers/Details/2000,2022,Developing a Multi Project-Collaboration Based IPD Framework for Small &amp; Medium Scale Enterprises in the Construction Industry
10.24928/2022/0182,proceedings-article,http://iglc.net/Papers/Details/2001,2022,How a Takt Plan Can Fail: Applying Failure Modes and Effects Analysis in Takt Control
10.24928/2022/0183,proceedings-article,http://iglc.net/Papers/Details/2002,2022,Lean Solutions for Program Development for Construction Daily Report
10.24928/2022/0185,proceedings-article,http://iglc.net/Papers/Details/2003,2022,Method to Allocate Covid-19 Preventive Means of Construction Works Based on Expert Prioritization
10.24928/2022/0188,proceedings-article,http://iglc.net/Papers/Details/2005,2022,Framework for Blockchain-Enabled Building Information Modeling (BIM) Data Sharing in Construction Supply Chain
10.24928/2022/0190,proceedings-article,http://iglc.net/Papers/Details/2007,2022,Investigation of the Construction Supply Chain Vulnerabilities Under an Unfavorable Macro-Environmental Context
10.24928/2022/0192,proceedings-article,http://iglc.net/Papers/Details/2008,2022,Empirical Validation of Lean Implementation Barriers in Engineer-to-Order Companies: An Exploratory Study
10.24928/2022/0193,proceedings-article,http://iglc.net/Papers/Details/2009,2022,Preparing Construction Employers for the Gen-Z Workforce: A Case Study
10.24928/2022/0194,proceedings-article,http://iglc.net/Papers/Details/2010,2022,The Need for a Human Centric Approach in C4.0 Technologies
10.24928/2022/0197,proceedings-article,http://iglc.net/Papers/Details/2013,2022,Building Quality Builders: Lessons Learned From Scaling a Companywide Training
10.24928/2022/0201,proceedings-article,http://iglc.net/Papers/Details/2017,2022,Teaching University Students the Last Planner System Through Learning-by-Doing
10.24928/2022/0202,proceedings-article,http://iglc.net/Papers/Details/2018,2022,Developing Project Value Attributes: A Proposed Process for Value Delivery on Construction Projects
10.24928/2022/0203,proceedings-article,http://iglc.net/Papers/Details/2019,2022,Understanding the Relations Between BIM Maturity Models and Lean Principles
10.24928/2022/0204,proceedings-article,http://iglc.net/Papers/Details/2020,2022,Implementing VDC
10.24928/2022/0205,proceedings-article,http://iglc.net/Papers/Details/2021,2022,Integrated Scheduling Platform Based on BIM and Lean Construction
10.24928/2022/0208,proceedings-article,http://iglc.net/Papers/Details/2024,2022,Collaborative Project Delivery With Early Contractor Involvement and Target Cost
10.24928/2022/0210,proceedings-article,http://iglc.net/Papers/Details/2026,2022,Prefabricated Reinforcement in Construction Using Vdc: Case Study Ovalo Monitor Bridge
10.24928/2022/0211,proceedings-article,http://iglc.net/Papers/Details/2027,2022,Addressing Waste During the Design Phase: A Matrix Model for the Interactions Between Robotic Systems and Lean Principles
10.24928/2022/0213,proceedings-article,http://iglc.net/Papers/Details/2029,2022,Framework for Using LPS in Design on IPD Projects
10.24928/2022/0214,proceedings-article,http://iglc.net/Papers/Details/2030,2022,The Silo Game: A Simulation on Interdisciplinary Collaboration
10.24928/2022/0215,proceedings-article,http://iglc.net/Papers/Details/2031,2022,Evaluating Blockchain in Construction Supply Chain Management
10.24928/2022/0216,proceedings-article,http://iglc.net/Papers/Details/2032,2022,Development of Simulations &amp; Pull Planning for Lean Construction Learning and Implementation
10.24928/2022/0218,proceedings-article,http://iglc.net/Papers/Details/2034,2022,Digitalizing Collaborative Planning in Design – a Case Study
10.24928/2022/0219,proceedings-article,http://iglc.net/Papers/Details/2035,2022,"Relations Between Preconditions, Categories and Impacts of Making-Do Wastes"
10.24928/2022/0225,proceedings-article,http://iglc.net/Papers/Details/2039,2022,Quantifying Participation: An IPD Case Study
10.24928/2022/0229,proceedings-article,http://iglc.net/Papers/Details/2040,2022,Impact of Fragmentation on Value Generation-Towards a BIM-Enabled Lean Framework
10.24928/2022/0230,proceedings-article,http://iglc.net/Papers/Details/2041,2022,VDC in Practice: A Preliminary Categorization of Production Metrics Reported in Scandinavia and Latin America
10.24928/2022/0236,proceedings-article,http://iglc.net/Papers/Details/2042,2022,Developing a Flow-Based Planning and Control Approach for Linear Infrastructure Projects
10.24928/2022/0238,proceedings-article,http://iglc.net/Papers/Details/2043,2022,Digital Twin of a Design Process: An Exploratory Study
10.24928/2023/0100,proceedings-article,http://iglc.net/Papers/Details/2044,2023,Integration and Development Model for Supplier Relationship Management in Construction
10.24928/2023/0102,proceedings-article,http://iglc.net/Papers/Details/2046,2023,Learning From Delays in Daily Design Work – Comparison of Root Cause Analysis and Functional Resonance Analysis
10.24928/2023/0104,proceedings-article,http://iglc.net/Papers/Details/2048,2023,Planned Percentage Completed in Construction – a Quantitative Review of Literature
10.24928/2023/0109,proceedings-article,http://iglc.net/Papers/Details/2053,2023,Enhancing Earned Value Analysis With Instrinsic Schedule Performance Metrics
10.24928/2023/0111,proceedings-article,http://iglc.net/Papers/Details/2055,2023,Developing a Framework for Assessing Team Alignment in Construction Using TVD
10.24928/2023/0113,proceedings-article,http://iglc.net/Papers/Details/2057,2023,A Kaizen Event Enabled by System Engineering in an Infrastructure Project
10.24928/2023/0115,proceedings-article,http://iglc.net/Papers/Details/2059,2023,Building Information Modelling (BIM) for Project Planning: Measures to Improve Its Adoption
10.24928/2023/0120,proceedings-article,http://iglc.net/Papers/Details/2064,2023,Product and Process Complexity in Construction: An Exploratory Study Using Bill-of-Materials (Bom)
10.24928/2023/0127,proceedings-article,http://iglc.net/Papers/Details/2070,2023,Sustainability as Target Value – a Parametric Approach
10.24928/2023/0128,proceedings-article,http://iglc.net/Papers/Details/2071,2023,Defining CO2 Emissions of a Construction Project on the Basis of Programmatic Information
10.24928/2023/0129,proceedings-article,http://iglc.net/Papers/Details/2072,2023,Can Advanced Work Packaging Become a Lean Method?
10.24928/2023/0134,proceedings-article,http://iglc.net/Papers/Details/2076,2023,Benefits of Robotic Utilization in the Prefabricated Construction Industry
10.24928/2023/0135,proceedings-article,http://iglc.net/Papers/Details/2077,2023,Analysing the Value Adding Activities in the Brazilian Construction Companies
10.24928/2023/0141,proceedings-article,http://iglc.net/Papers/Details/2081,2023,Safety-I and Safety-II: Contributions of Uas Safety Monitoring on Construction Sites
10.24928/2023/0144,proceedings-article,http://iglc.net/Papers/Details/2083,2023,Collaboration in the Detailed Design Phase of Construction Projects – a Study of Interdisciplinary Teams
10.24928/2023/0148,proceedings-article,http://iglc.net/Papers/Details/2087,2023,Potential Application of Deep Learning and UAS for Guardrail Safety Inspection
10.24928/2023/0150,proceedings-article,http://iglc.net/Papers/Details/2089,2023,A Three-Layered Approach for a Lean Subcontractor Procurement Process
10.24928/2023/0153,proceedings-article,http://iglc.net/Papers/Details/2092,2023,On-Site Waste Management: A Use Case of Lean Construction and Artificial Intelligence Synergy
10.24928/2023/0154,proceedings-article,http://iglc.net/Papers/Details/2093,2023,Construction Supply Chain Product Data Integration for Lean and Green Site Logistics
10.24928/2023/0155,proceedings-article,http://iglc.net/Papers/Details/2094,2023,"Strategic Partnering Between Client, Contractor, and Subcontractor"
10.24928/2023/0156,proceedings-article,http://iglc.net/Papers/Details/2095,2023,Features of a Behavior-Based Quality System (BBQS)
10.24928/2023/0163,proceedings-article,http://iglc.net/Papers/Details/2102,2023,Lean Health Check Framework
10.24928/2023/0178,proceedings-article,http://iglc.net/Papers/Details/2115,2023,Untangling the Concepts of Value and Values
10.24928/2023/0181,proceedings-article,http://iglc.net/Papers/Details/2117,2023,Slack: What Is Lacking on Supply Chain Resilience Strategies?
10.24928/2023/0184,proceedings-article,http://iglc.net/Papers/Details/2120,2023,A Combined Digital Twin and Location-Based Management System
10.24928/2023/0185,proceedings-article,http://iglc.net/Papers/Details/2121,2023,Strategic Partnerships – Best Practice Across Norway and Denmark
10.24928/2023/0189,proceedings-article,http://iglc.net/Papers/Details/2124,2023,Lean Co-Acting With Circularity? An Investigation in Product-Service Systems in Rental Housing
10.24928/2023/0197,proceedings-article,http://iglc.net/Papers/Details/2132,2023,"Set-Based Design in Construction Projects: Benefits, Difficulties and Trends"
10.24928/2023/0198,proceedings-article,http://iglc.net/Papers/Details/2133,2023,Occupational Stress in Construction: Fostering an IGLC Research Agenda
10.24928/2023/0199,proceedings-article,http://iglc.net/Papers/Details/2134,2023,Teaching and Training Efforts of  Academia and Industry Towards Lean  Construction in India
10.24928/2023/0207,proceedings-article,http://iglc.net/Papers/Details/2140,2023,Perspectives on Roles and Responsibilities of Project Team Members to Enable Collaborative Decision-Making Process
10.24928/2023/0208,proceedings-article,http://iglc.net/Papers/Details/2141,2023,Investigating Emergence of ‘New Tasks’ in Last Planner® System: Social Network Perspective of Planning Behaviours
10.24928/2023/0215,proceedings-article,http://iglc.net/Papers/Details/2147,2023,Digital Shopfloor Management in Construction – a Case Study
10.24928/2023/0218,proceedings-article,http://iglc.net/Papers/Details/2150,2023,An Examination of IGLC Takt Literature - Learnings &amp; Opportunities
10.24928/2023/0221,proceedings-article,http://iglc.net/Papers/Details/2153,2023,Development of an Immersive Virtual Reality Prototype to Explore the Social Mechanisms of the Last Planner® System
10.24928/2023/0233,proceedings-article,http://iglc.net/Papers/Details/2165,2023,A VDC Framework Proposal for Time Optimization in Diamond Drilling Operations for Mining
10.24928/2023/0245,proceedings-article,http://iglc.net/Papers/Details/2174,2023,Organizing the Argumentation for Changing the Delivery System Using Choosing by Advantages (CBA)
10.24928/2023/0251,proceedings-article,http://iglc.net/Papers/Details/2178,2023,What Does a Commitment to a Plan Mean?
10.24928/2023/0253,proceedings-article,http://iglc.net/Papers/Details/2180,2023,Development and Testing of a Digital Lean Tool to Sharpen Motion and Transportation Waste Recognition
10.24928/2023/0259,proceedings-article,http://iglc.net/Papers/Details/2185,2023,Lean and Industry 4.0 in Brick Manufacturing: A Digital Twin-Based Value Stream Mapping Proposed Framework
10.24928/2023/0266,proceedings-article,http://iglc.net/Papers/Details/2190,2023,Capability-Building for Construction Informing Design
10.24928/2023/0300,proceedings-article,http://iglc.net/Papers/Details/2194,2023,"Waste: Why Economics Got Is So Wrong, and What Could Be the Remedy?"
10.24928/2023,proceedings,http://iglc.net/Papers/Conference/33,2023,Proceedings of the 31st Annual Conference of the International Group for Lean Construction (IGLC31)
10.24928/2023/0101,proceedings-article,http://iglc.net/Papers/Details/2045,2023,MEASURING TIME SPENT IN VALUE-ADDING WORKSPACES USING SMARTWATCHES
10.24928/2023/0103,proceedings-article,http://iglc.net/Papers/Details/2047,2023,Examining the Gap Between Construction Software Modules and Lean Contractor Practices
10.24928/2023/0105,proceedings-article,http://iglc.net/Papers/Details/2049,2023,Strategies for the Implementation of Greenbim in a Developing Country
10.24928/2023/0106,proceedings-article,http://iglc.net/Papers/Details/2050,2023,Utilising Design Thinking to Refine Customer Requirements – a Case Study Using the Concrete Supply Chain as an Example
10.24928/2023/0107,proceedings-article,http://iglc.net/Papers/Details/2051,2023,A Fuzzy Framework for Contractor Selection on IPD Projects
10.24928/2023/0108,proceedings-article,http://iglc.net/Papers/Details/2052,2023,Inventory and Piling Waste: A Computer Vision Approach
10.24928/2023/0110,proceedings-article,http://iglc.net/Papers/Details/2054,2023,Assessment of Lean Guided Construction Project Monitoring and Evaluation Practices: Issues and Challenges
10.24928/2023/0112,proceedings-article,http://iglc.net/Papers/Details/2056,2023,Building a Lean House With the Theory of Constraints for Construction Operations in Zimbabwe: A Conceptual Framework
10.24928/2023/0114,proceedings-article,http://iglc.net/Papers/Details/2058,2023,Safety Culture in Construction Industry of Nepal
10.24928/2023/0116,proceedings-article,http://iglc.net/Papers/Details/2060,2023,Overcoming the Barriers Toward Widespread Adoption of Prefabrication: An Approach Involving Emerging Technologies
10.24928/2023/0117,proceedings-article,http://iglc.net/Papers/Details/2061,2023,"Repeatable, Scalable, Global Implementation of Optimized Cycle-Time Flow (OCF)"
10.24928/2023/0118,proceedings-article,http://iglc.net/Papers/Details/2062,2023,Workshop for Learning Visual Management in Japan: A Report
10.24928/2023/0119,proceedings-article,http://iglc.net/Papers/Details/2063,2023,A Framework for Design Waste Mitigation in Off-Site Construction
10.24928/2023/0121,proceedings-article,http://iglc.net/Papers/Details/2065,2023,Master Schedule Optimisation With the Use of Flowlines and Performance Data
10.24928/2023/0122,proceedings-article,http://iglc.net/Papers/Details/2066,2023,What Is the Complexity of Production Planning and Control?
10.24928/2023/0123,proceedings-article,http://iglc.net/Papers/Details/2067,2023,Factors Influencing Cycle Times in Offsite Construction
10.24928/2023/0124,proceedings-article,http://iglc.net/Papers/Details/2068,2023,Perception of Project Management Among Construction Workers: A Survey in Denmark
10.24928/2023/0125,proceedings-article,http://iglc.net/Papers/Details/2069,2023,"Framework of Interaction Between ICT, Process, and People in Construction: A Case Study"
10.24928/2023/0130,proceedings-article,http://iglc.net/Papers/Details/2073,2023,Handoffs Between Takt Train Wagons: a Systematic Literature Review
10.24928/2023/0131,proceedings-article,http://iglc.net/Papers/Details/2074,2023,Location-Based Work Sampling: Field Testing and Utility Evaluation
10.24928/2023/0132,proceedings-article,http://iglc.net/Papers/Details/2075,2023,Exploring Offsite Construction for the Construction Sector: A Literature Review
10.24928/2023/0137,proceedings-article,http://iglc.net/Papers/Details/2078,2023,Barriers to the Adoption of Building Information Modeling in Quantity Surveying Practice in South Africa
10.24928/2023/0138,proceedings-article,http://iglc.net/Papers/Details/2079,2023,Application of Big Data and Internet of Things in the Built Environment: A Bibliometric Review
10.24928/2023/0140,proceedings-article,http://iglc.net/Papers/Details/2080,2023,Process Analysis With an Automatic Mapping of Performance Factors Using Natural Language Processing
10.24928/2023/0143,proceedings-article,http://iglc.net/Papers/Details/2082,2023,Product Platform Flow to Develop New Products in an Off-Site Company
10.24928/2023/0145,proceedings-article,http://iglc.net/Papers/Details/2084,2023,A Framework for Optimizing Material Management Processes in Oil and Gas EPC Projects
10.24928/2023/0146,proceedings-article,http://iglc.net/Papers/Details/2085,2023,Achieving a 4-Hour Takt Time – and Driving Change With It
10.24928/2023/0147,proceedings-article,http://iglc.net/Papers/Details/2086,2023,Contribution of Lean Techniques to Industrialized Construction Adoption: A Barriers Mitigation Approach
10.24928/2023/0149,proceedings-article,http://iglc.net/Papers/Details/2088,2023,Promoting the IPD Delivery Method in Construction Projects: A BIM-Based Smart Contract Approach
10.24928/2023/0151,proceedings-article,http://iglc.net/Papers/Details/2090,2023,Improving Productivity in Ventilation and Plumbing Installations by Developing Designs
10.24928/2023/0152,proceedings-article,http://iglc.net/Papers/Details/2091,2023,Semantic Network Analysis of Lean Construction Literature
10.24928/2023/0157,proceedings-article,http://iglc.net/Papers/Details/2096,2023,Lean Supporting a Framework for the Construction Innovation Process
10.24928/2023/0158,proceedings-article,http://iglc.net/Papers/Details/2097,2023,Life Cycle Cost and Value of Norwegian Sports Facilities
10.24928/2023/0159,proceedings-article,http://iglc.net/Papers/Details/2098,2023,Analyzing the Lean Principles in Integrated Planning and Scheduling Methods
10.24928/2023/0160,proceedings-article,http://iglc.net/Papers/Details/2099,2023,Worker Involvement Strategies in Construction: Insights From the Lean Literature
10.24928/2023/0161,proceedings-article,http://iglc.net/Papers/Details/2100,2023,A Narrative Review of Workspace Planning in Construction: Challenges and Insights
10.24928/2023/0162,proceedings-article,http://iglc.net/Papers/Details/2101,2023,Zooming Into Workers’ Psychology and Physiology Through a Lean Construction Lens
10.24928/2023/0164,proceedings-article,http://iglc.net/Papers/Details/2103,2023,IPD en France: Is It Legal
10.24928/2023/0165,proceedings-article,http://iglc.net/Papers/Details/2104,2023,The Impact of an Offsite Production Approach on Mechanical and Electrical Projects: Evidence From the Uk
10.24928/2023/0166,proceedings-article,http://iglc.net/Papers/Details/2105,2023,A Construction Information System as a Lean Information Management Enabler – Case Study
10.24928/2023/0167,proceedings-article,http://iglc.net/Papers/Details/2106,2023,Managing User Requirements in Social Housing Upgrading
10.24928/2023/0169,proceedings-article,http://iglc.net/Papers/Details/2107,2023,Unethical and Criminal – Predicting “Dark Side” Phenomena in the AEC Industry
10.24928/2023/0170,proceedings-article,http://iglc.net/Papers/Details/2108,2023,A System Dynamic Modelling Approach for Integrated Lean-BIM Planning and Control Methods
10.24928/2023/0171,proceedings-article,http://iglc.net/Papers/Details/2109,2023,Role of Work Flow in Reducing Life Cycle Energy Consumption in Construction
10.24928/2023/0172,proceedings-article,http://iglc.net/Papers/Details/2110,2023,Analysing the Impact of Construction Flow on Productivity
10.24928/2023/0173,proceedings-article,http://iglc.net/Papers/Details/2111,2023,Leveraging BIM and Mixed Reality to Actualize Lean Construction
10.24928/2023/0174,proceedings-article,http://iglc.net/Papers/Details/2112,2023,Investigating and Simulating Collaboration Among the LPS Phases
10.24928/2023/0175,proceedings-article,http://iglc.net/Papers/Details/2113,2023,Assessing Quality Performance Outcomes &amp; the Relationship With RFI and PCI Processes: A General Contractor Case Study
10.24928/2023/0176,proceedings-article,http://iglc.net/Papers/Details/2114,2023,A Mechanism for Smart Contracts to Mediate Production Bottlenecks Under Constraints
10.24928/2023/0179,proceedings-article,http://iglc.net/Papers/Details/2116,2023,A Mechanism for Smart Contracts to Mediate Production Bottlenecks Under Constraints
10.24928/2023/0182,proceedings-article,http://iglc.net/Papers/Details/2118,2023,Off-Site/on-Site Composite Construction Method: An Unconscious Lean Construction Practice
10.24928/2023/0183,proceedings-article,http://iglc.net/Papers/Details/2119,2023,Daily Huddles’ Effect on Crew Productivity
10.24928/2023/0186,proceedings-article,http://iglc.net/Papers/Details/2122,2023,Predictive Simulation for Automated Decision-Support in Production Planning and Control
10.24928/2023/0188,proceedings-article,http://iglc.net/Papers/Details/2123,2023,The PICO Framework for Analysis and Design of Production Systems for Construction
10.24928/2023/0190,proceedings-article,http://iglc.net/Papers/Details/2125,2023,Managing Human-Centered Innovation Within Tvd in Healthcare Projects
10.24928/2023/0191,proceedings-article,http://iglc.net/Papers/Details/2126,2023,Logistics Planning Within the Last Planner System for Highway Construction Projects
10.24928/2023/0192,proceedings-article,http://iglc.net/Papers/Details/2127,2023,Integrated Project Delivery (IPD) for Healthcare Projects: A Company-Specific Analysis
10.24928/2023/0193,proceedings-article,http://iglc.net/Papers/Details/2128,2023,Methodology to Quantitatively Assess Collaboration in the Make-Ready Process
10.24928/2023/0194,proceedings-article,http://iglc.net/Papers/Details/2129,2023,Developing and Testing Computer- and Virtual Reality-Based Target Value Design Simulations
10.24928/2023/0195,proceedings-article,http://iglc.net/Papers/Details/2130,2023,Implementation of Lean Thinking to Improve Masonry Construction and Design
10.24928/2023/0196,proceedings-article,http://iglc.net/Papers/Details/2131,2023,Incorporating Psychology of Learning Through the Malabares Method for Effective Implementation of the Last Planner System
10.24928/2023/0200,proceedings-article,http://iglc.net/Papers/Details/2135,2023,Choosing by Advantages (CBA) to Select the Best Location for a Solar Photovoltaic Plant in the Pre-Feasibility Stage
10.24928/2023/0201,proceedings-article,http://iglc.net/Papers/Details/2136,2023,Success in Interrelated Supply Chain: an Analysis of the Human Behaviour Under Crisis
10.24928/2023/0203,proceedings-article,http://iglc.net/Papers/Details/2137,2023,Development of an Optimization Model Based on Business Process Re-Engineering to Minimize Construction Projects Delay
10.24928/2023/0204,proceedings-article,http://iglc.net/Papers/Details/2138,2023,Lean Construction Through Waste Register Method: A Case Studies Project in Indonesia
10.24928/2023/0205,proceedings-article,http://iglc.net/Papers/Details/2139,2023,Collaborative Dialogue During the Pre-Tendering Phase to Maximize Project Value Generation
10.24928/2023/0209,proceedings-article,http://iglc.net/Papers/Details/2142,2023,Development of a Machine Learning-Based Labour Productivity Prediction Tool to Practice Lean Construction
10.24928/2023/0210,proceedings-article,http://iglc.net/Papers/Details/2143,2023,"Supply Chain Risk, Disruption and Resilience; Comparison by Size and Industry Types"
10.24928/2023/0211,proceedings-article,http://iglc.net/Papers/Details/2144,2023,Barriers to BIM Implementation in Bridge Construction: A Case Study
10.24928/2023/0212,proceedings-article,http://iglc.net/Papers/Details/2145,2023,Towards a Flow-Based Disruption Metric: A Case Study
10.24928/2023/0214,proceedings-article,http://iglc.net/Papers/Details/2146,2023,The Role of Lean in Digital Project Delivery
10.24928/2023/0216,proceedings-article,http://iglc.net/Papers/Details/2148,2023,Analysis of Lean Construction Cases in Ireland
10.24928/2023/0217,proceedings-article,http://iglc.net/Papers/Details/2149,2023,An Evaluation of the Lookahead Planning Function in Last Planner® System
10.24928/2023/0219,proceedings-article,http://iglc.net/Papers/Details/2151,2023,A Study of the Benefits of Lean Construction During the Pandemic: the Case of Peru
10.24928/2023/0220,proceedings-article,http://iglc.net/Papers/Details/2152,2023,Analysing Film Plastic Waste in Residential Construction Project
10.24928/2023/0222,proceedings-article,http://iglc.net/Papers/Details/2154,2023,Lean Construction Waste Reduction Through the Autonomous Vehicle Technology
10.24928/2023/0223,proceedings-article,http://iglc.net/Papers/Details/2155,2023,Exploring a Platform Approach to Improve the Uptake of Offsite Construction in Housebuilding: Evidence From the United Kingdom
10.24928/2023/0224,proceedings-article,http://iglc.net/Papers/Details/2156,2023,Application of Fuzzy Logic for Selection of Off-Site Construction Approach
10.24928/2023/0225,proceedings-article,http://iglc.net/Papers/Details/2157,2023,Implementing Lean Methods for Facility Maintenance Management
10.24928/2023/0226,proceedings-article,http://iglc.net/Papers/Details/2158,2023,"When We Develop Collaboration, What Exactly Do We Develop?"
10.24928/2023/0227,proceedings-article,http://iglc.net/Papers/Details/2159,2023,Creating Co-Location Concepts Under Consideration of Hybrid Approaches in Construction Projects
10.24928/2023/0228,proceedings-article,http://iglc.net/Papers/Details/2160,2023,Green Is Good: First Run Study of a Sustainable Building Structure
10.24928/2023/0229,proceedings-article,http://iglc.net/Papers/Details/2161,2023,Integrating Standardized Work and Production Status Control to Support Location-Based Planning and Control
10.24928/2023/0230,proceedings-article,http://iglc.net/Papers/Details/2162,2023,Efficient Pavement Distress Detection and Visual Management in Lean Construction Based on BIM and Deep Learnin
10.24928/2023/0231,proceedings-article,http://iglc.net/Papers/Details/2163,2023,A Logistic Framework to Enable Takt Time Planning
10.24928/2023/0232,proceedings-article,http://iglc.net/Papers/Details/2164,2023,Construction Productivity Graph: A Structured Framework to Enhance Productivity and Safety on Construction Sites
10.24928/2023/0235,proceedings-article,http://iglc.net/Papers/Details/2166,2023,How to Navigate the Dilemma of Value Delivery: A Value Identification Game
10.24928/2023/0236,proceedings-article,http://iglc.net/Papers/Details/2167,2023,Using Low-Code and Artificial Intelligence to Support Continuous Improvement in the Construction Industry
10.24928/2023/0237,proceedings-article,http://iglc.net/Papers/Details/2168,2023,Procurement of Collaborative Project Teams – a Literature Study
10.24928/2023/0238,proceedings-article,http://iglc.net/Papers/Details/2169,2023,"Exploring How Lean Project Delivery Supports Carbon Capture, Utilization, and Storage for Industrial Retrofits"
10.24928/2023/0240,proceedings-article,http://iglc.net/Papers/Details/2170,2023,Improving Premanufacturing Phases in Off-Site Construction Through a Digitalization Approach
10.24928/2023/0242,proceedings-article,http://iglc.net/Papers/Details/2171,2023,The Circu-Lean Revolution: A Review of the Synergies Between Lean and the Circular Economy
10.24928/2023/0243,proceedings-article,http://iglc.net/Papers/Details/2172,2023,Unleashing the Power of Chatgpt for Lean Construction: An Early Outlook
10.24928/2023/0244,proceedings-article,http://iglc.net/Papers/Details/2173,2023,Workload Leveling Metrics for Location-Based Process Design
10.24928/2023/0246,proceedings-article,http://iglc.net/Papers/Details/2175,2023,Do Failures in a Takt Plan Fit the FMEA Framework?
10.24928/2023/0247,proceedings-article,http://iglc.net/Papers/Details/2176,2023,Flexible Robotic Production in Off-Site Construction: A Lean Approac
10.24928/2023/0250,proceedings-article,http://iglc.net/Papers/Details/2177,2023,"Results of the Causes and Impacts of Making-Do Wastes in Production in Fortaleza, Ceará, Brazil"
10.24928/2023/0252,proceedings-article,http://iglc.net/Papers/Details/2179,2023,Integrating a Strategic Milestone and Phase Plan (SMPP) as a New Level of the Last Planner System (LPS): An Investigation on Megaprojects
10.24928/2023/0254,proceedings-article,http://iglc.net/Papers/Details/2181,2023,Investigation of the Supply Chain of Mass Timber Systems
10.24928/2023/0255,proceedings-article,http://iglc.net/Papers/Details/2182,2023,Comparison of Takt Planning Methods Used on Projects of Different Types
10.24928/2023/0257,proceedings-article,http://iglc.net/Papers/Details/2183,2023,Lean Construction and Building Information Modeling (BIM) in Design Management: Survey Results From French Companies
10.24928/2023/0258,proceedings-article,http://iglc.net/Papers/Details/2184,2023,"Lean Construction and AWP: Similarities, Differences, and Opportunities"
10.24928/2023/0260,proceedings-article,http://iglc.net/Papers/Details/2186,2023,Lean and Iot Integration to Improve Flow in Construction Prefabrication: a Proposed Framework
10.24928/2023/0261,proceedings-article,http://iglc.net/Papers/Details/2187,2023,Cost Reduction in Construction Through Project Compatibility in a Virtual Prototype
10.24928/2023/0264,proceedings-article,http://iglc.net/Papers/Details/2188,2023,Visual Management Implementation Strategy: An Analysis of Digital Whiteboards
10.24928/2023/0265,proceedings-article,http://iglc.net/Papers/Details/2189,2023,Evaluating the Usability of the Leanbuild Software Application After the Design Stage
10.24928/2023/0267,proceedings-article,http://iglc.net/Papers/Details/2191,2023,Maturity Models in Off-Site Construction and Analysis of Lean Incorporation: Review
10.24928/2023/0268,proceedings-article,http://iglc.net/Papers/Details/2192,2023,"Exploration of Educational Backgrounds, Personality Traits, and Gender on Tendencies to Collaborate Among Owners, Architects, Engineers, and Contractors"
10.24928/2023/0275,proceedings-article,http://iglc.net/Papers/Details/2193,2023,Environmental Improvements for Renovation Work Using Laser Scraping
10.24928/2024,proceedings,http://iglc.net/Papers/Conference/34,2024,Proceedings of the 32nd Annual Conference of the International Group for Lean Construction (IGLC 32)
10.24928/2024/0100,proceedings-article,http://iglc.net/Papers/Details/2236,2024,Whose Game Is It? Do Small and Medium Size Enterprises Win Alliance Contracts?
10.24928/2024/0101,proceedings-article,http://iglc.net/Papers/Details/2248,2024,A Case for Lean-Based Guidelines for Construction and Demolition Waste Minimization in Zimbabwe
10.24928/2024/0102,proceedings-article,http://iglc.net/Papers/Details/2278,2024,Lean Construction Enterprise Management: The Value and Potential of the Merit Game Simulation
10.24928/2024/0103,proceedings-article,http://iglc.net/Papers/Details/2281,2024,Application of the Work Density Method to in-Situ Pile Production in Heavy Civil Engineering
10.24928/2024/0105,proceedings-article,http://iglc.net/Papers/Details/2261,2024,Transition to a Lean Mindset Through the “Hero’s Journey”
10.24928/2024/0106,proceedings-article,http://iglc.net/Papers/Details/2282,2024,Improving Reasons for Non-Compliance Documentation Using UAV on Construction Projects
10.24928/2024/0107,proceedings-article,http://iglc.net/Papers/Details/2283,2024,Quantitative Indicators in Takt Production Control: An Empirical Analysis
10.24928/2024/0108,proceedings-article,http://iglc.net/Papers/Details/2284,2024,Revisiting the Takt Maturity Model After Three International Takt Forums
10.24928/2024/0109,proceedings-article,http://iglc.net/Papers/Details/2249,2024,Performance Measurement for Infrastructure Project Sustainability
10.24928/2024/0110,proceedings-article,http://iglc.net/Papers/Details/2202,2024,A New Automated System for RFI Processing: Lead Time Reductions and Staff Perception
10.24928/2024/0111,proceedings-article,http://iglc.net/Papers/Details/2195,2024,Lean Construction for Innovation: A Systematic Review of IGLC Proceedings
10.24928/2024/0112,proceedings-article,http://iglc.net/Papers/Details/2285,2024,Implementing Digital Visual Management: A Case Study on Challenges and Barriers
10.24928/2024/0115,proceedings-article,http://iglc.net/Papers/Details/2262,2024,Magical vs Methodical: Choosing by Advantages as Antidote to the Planning Fallacy
10.24928/2024/0117,proceedings-article,http://iglc.net/Papers/Details/2217,2024,Digital Twin Based Integrated Decision Support System for Enhanced Decision-Making in the Last Planner System
10.24928/2024/0118,proceedings-article,http://iglc.net/Papers/Details/2286,2024,Unveiling the Hidden High Variability in Processes With Stable and Good PPC Results
10.24928/2024/0119,proceedings-article,http://iglc.net/Papers/Details/2237,2024,Reconceptualizing a Model for Lean Construction Supply Chain
10.24928/2024/0121,proceedings-article,http://iglc.net/Papers/Details/2218,2024,Lean-BIM Synergy in the Construction Design Phase: Auto-Generation and Evaluation of Thermal Alternatives
10.24928/2024/0122,proceedings-article,http://iglc.net/Papers/Details/2287,2024,The Relationship Between Making-Do Waste and Good Management Practices in the Construction Industry: A Systematic Literature Review
10.24928/2024/0123,proceedings-article,http://iglc.net/Papers/Details/2219,2024,BIM and IoT Integration for Construction and Logistics Management: A State-of-the-Art Review
10.24928/2024/0124,proceedings-article,http://iglc.net/Papers/Details/2288,2024,Methodology to Avoid the Occurrence of Making-Do Waste in Civil Construction
10.24928/2024/0125,proceedings-article,http://iglc.net/Papers/Details/2196,2024,Optimization of Design Coordination Processes for a 7-Story Multifamily Building Using Virtual Design and Construction (VDC)
10.24928/2024/0126,proceedings-article,http://iglc.net/Papers/Details/2203,2024,Perceptions of Collaborative Contracts From the Perspective of Lean Construction in Chile
10.24928/2024/0127,proceedings-article,http://iglc.net/Papers/Details/2238,2024,Implementing Lean Practices and a Modern Construction Method in a Social Housing Project
10.24928/2024/0128,proceedings-article,http://iglc.net/Papers/Details/2239,2024,Analysing the Alignment Between Lean Construction and Circular Economy in Prefabricated Construction
10.24928/2024/0129,proceedings-article,http://iglc.net/Papers/Details/2250,2024,A Comparative Analysis of Leed and Green Globes: A Case Study Approach to Environmental Performance Assessment of an Educational Campus Facility
10.24928/2024/0130,proceedings-article,http://iglc.net/Papers/Details/2263,2024,An Exploration of Psychological Safety and Team Behaviors in a Construction Global Team
10.24928/2024/0131,proceedings-article,http://iglc.net/Papers/Details/2204,2024,Traditional Tender Versus Early Contractor Involvement (ECI): A Comparative Analysis of Work Hours
10.24928/2024/0132,proceedings-article,http://iglc.net/Papers/Details/2210,2024,Doubling Throughput With Optimized Cycle-Time Flow (OCF) Strategy
10.24928/2024/0133,proceedings-article,http://iglc.net/Papers/Details/2289,2024,The Influence of Preconstruction Phase and Lean Construction Implementation on Project Performance
10.24928/2024/0134,proceedings-article,http://iglc.net/Papers/Details/2220,2024,An Ontology for Representing Crawler Crane Operational Space Requirement on Semantic Web
10.24928/2024/0135,proceedings-article,http://iglc.net/Papers/Details/2221,2024,Automated Data Capture and Analysis to Detect Process Waste in Interior Finishing Work
10.24928/2024/0136,proceedings-article,http://iglc.net/Papers/Details/2240,2024,Insertion of Modular Construction Aligned With Lean Principles: A Conceptual Map Model
10.24928/2024/0137,proceedings-article,http://iglc.net/Papers/Details/2241,2024,Defining Interfaces to Facilitate Building Module Change
10.24928/2024/0138,proceedings-article,http://iglc.net/Papers/Details/2222,2024,Exploring User Experience and Effectiveness of an Innovative Leanbuild UK Project Management Software: Usability Study Post Development Stage
10.24928/2024/0139,proceedings-article,http://iglc.net/Papers/Details/2211,2024,Reduction of Floor Cycle Time Variability in High-Rise Building Construction
10.24928/2024/0140,proceedings-article,http://iglc.net/Papers/Details/2197,2024,Expectations and Perceptions – Daily Management Meetings in Design
10.24928/2024/0142,proceedings-article,http://iglc.net/Papers/Details/2251,2024,Jet Grouting: Applying Lean Principles in Geotechnical Engineering to Reduce Waste
10.24928/2024/0144,proceedings-article,http://iglc.net/Papers/Details/2205,2024,Competitive Negotiated Procedure: Experiences From Rv. 555 the Sotra Connection
10.24928/2024/0145,proceedings-article,http://iglc.net/Papers/Details/2242,2024,Why Do Some Prefabricate MEP While Others Do Not?
10.24928/2024/0146,proceedings-article,http://iglc.net/Papers/Details/2223,2024,A BIM-Lean Approach to Implement Lean Principles in Offsite Construction Projects: A Cable-Stayed Bridge Case Study
10.24928/2024/0147,proceedings-article,http://iglc.net/Papers/Details/2252,2024,Lean Construction Supply Chain: A Transport Perspective
10.24928/2024/0150,proceedings-article,http://iglc.net/Papers/Details/2264,2024,An Investigation of Psychological Safety in Construction Projects and Its Influence on Team Learning Behaviour: A Survey-Based Study
10.24928/2024/0151,proceedings-article,http://iglc.net/Papers/Details/2212,2024,No Single Takt Planning Method Fits All Projects
10.24928/2024/0152,proceedings-article,http://iglc.net/Papers/Details/2213,2024,"A Review of Poka Yoke in Construction Projects: Classification, Benefits and Barriers"
10.24928/2024/0153,proceedings-article,http://iglc.net/Papers/Details/2265,2024,The Right Kind of Wrong in Construction: Analysis From a General Contractor Perspective
10.24928/2024/0154,proceedings-article,http://iglc.net/Papers/Details/2198,2024,Takt Time Planning in Construction and Its Impact on the Work-Life Balance for Individuals and Families
10.24928/2024/0155,proceedings-article,http://iglc.net/Papers/Details/2290,2024,An AI Copilot for Make-Ready Planning in the Last Planner System
10.24928/2024/0157,proceedings-article,http://iglc.net/Papers/Details/2214,2024,About Time-Cost Trade-Offs in Takt Planning
10.24928/2024/0158,proceedings-article,http://iglc.net/Papers/Details/2224,2024,An Integrated Facility Management System Supported in Vdc and Lean
10.24928/2024/0159,proceedings-article,http://iglc.net/Papers/Details/2266,2024,A Fuzzy Expert System for Measuring the Degree of Lean Implementation in Construction Projects
10.24928/2024/0160,proceedings-article,http://iglc.net/Papers/Details/2225,2024,Can ChatGPT Help With the Last Planner® System Implementation? An Expert Overview
10.24928/2024/0164,proceedings-article,http://iglc.net/Papers/Details/2226,2024,Digital Monitoring for Lean Construction: Efficiency in Major Indonesian Toll Road Project
10.24928/2024/0168,proceedings-article,http://iglc.net/Papers/Details/2206,2024,Strategic Partnerships Between Project Client and Client’s Agent
10.24928/2024/0169,proceedings-article,http://iglc.net/Papers/Details/2267,2024,Towards Sustainable Lean Construction in Indonesian Contractor: Effort &amp; Learning From Ptpp (a Government-Controlled Construction &amp; Investment Company)
10.24928/2024/0170,proceedings-article,http://iglc.net/Papers/Details/2268,2024,Collaboration Strategies for Infrastructure Projects of Germany’S Federal Waterways and Shipping Administration
10.24928/2024/0171,proceedings-article,http://iglc.net/Papers/Details/2207,2024,Structuring Approach and Current Status of Integrated Project Delivery (IPD) in Germany
10.24928/2024/0172,proceedings-article,http://iglc.net/Papers/Details/2253,2024,Smart Homes and Waste Reduction
10.24928/2024/0173,proceedings-article,http://iglc.net/Papers/Details/2291,2024,Takt and Pull Zones in the Construction of Logistics Warehouses
10.24928/2024/0174,proceedings-article,http://iglc.net/Papers/Details/2292,2024,Exploring the Limitations and Opportunities of Industrialized Construction in Colombia From a Lean Perspective
10.24928/2024/0175,proceedings-article,http://iglc.net/Papers/Details/2293,2024,Quantifying and Planning Carbon Emissions in Construction With Location-Based Scheduling
10.24928/2024/0176,proceedings-article,http://iglc.net/Papers/Details/2294,2024,Synergy Between LPS and Slack: A Case Study in Brazilian Horizontal Housing Developments
10.24928/2024/0178,proceedings-article,http://iglc.net/Papers/Details/2233,2024,Promoting Health and Safety on UK Construction Sites Using Lean Construction Strategies
10.24928/2024/0181,proceedings-article,http://iglc.net/Papers/Details/2295,2024,Scrum’s Distinct Role Definition Complementing LPS &amp; Takt Implementation
10.24928/2024/0182,proceedings-article,http://iglc.net/Papers/Details/2269,2024,Driving the Momentum Towards Adopting Wearable Cognitive Assistance in Lean Construction 4.0
10.24928/2024/0183,proceedings-article,http://iglc.net/Papers/Details/2254,2024,An Integrated Framework for Production and Environmental Waste Management in Construction
10.24928/2024/0184,proceedings-article,http://iglc.net/Papers/Details/2243,2024,Business Models Emerging From Industrialized Construction Adoption
10.24928/2024/0185,proceedings-article,http://iglc.net/Papers/Details/2227,2024,A Review of the Role of Digital Twin Applications for Water Sustainability
10.24928/2024/0186,proceedings-article,http://iglc.net/Papers/Details/2199,2024,Built Environment Design Knowledge Framework Supportive of Resilient Healthcare
10.24928/2024/0187,proceedings-article,http://iglc.net/Papers/Details/2228,2024,Enhancing Lean Construction Through Innovative Technology: A Focus on Virtual Reality in Construction
10.24928/2024/0188,proceedings-article,http://iglc.net/Papers/Details/2270,2024,The Impact of Lean Knowledge and Lean Operation on Construction Workers' Job Satisfaction
10.24928/2024/0189,proceedings-article,http://iglc.net/Papers/Details/2296,2024,Relationship Between Time Spent in Production Work Activities and Production Workspaces.
10.24928/2024/0191,proceedings-article,http://iglc.net/Papers/Details/2271,2024,"Respect for People and Lean Construction: Good Practices, Benefits and Barriers"
10.24928/2024/0192,proceedings-article,http://iglc.net/Papers/Details/2255,2024,Evaluating the Awareness of Designing Out Waste in Construction: A Lean–Green Synergy
10.24928/2024/0193,proceedings-article,http://iglc.net/Papers/Details/2272,2024,Exploration of Lean Construction in Japan and Its Paradoxical Stance
10.24928/2024/0194,proceedings-article,http://iglc.net/Papers/Details/2256,2024,Evaluation of the Literature Syntheses on Lean Construction Contributions to Sustainability
10.24928/2024/0195,proceedings-article,http://iglc.net/Papers/Details/2244,2024,Mass Customized Products for Industrialized Construction: Challenges and Opportunities
10.24928/2024/0197,proceedings-article,http://iglc.net/Papers/Details/2200,2024,Last Planner System: Pull Planning as a Documentation Management Tool in Photovoltaic Projects
10.24928/2024/0199,proceedings-article,http://iglc.net/Papers/Details/2257,2024,Coupling Demand Response and PDCA to Lean Building Operations: A Proof-of-Concept
10.24928/2024/0200,proceedings-article,http://iglc.net/Papers/Details/2234,2024,An Exploratory Study on Visual Management and Process Transparency in Construction
10.24928/2024/0201,proceedings-article,http://iglc.net/Papers/Details/2235,2024,Lean Reflection Practices and Organizational Knowledge Management: A General Contractor Case Study
10.24928/2024/0204,proceedings-article,http://iglc.net/Papers/Details/2201,2024,The Design-Construction Communication Loop: A Conceptual Model for Communication Error Analysis
10.24928/2024/0205,proceedings-article,http://iglc.net/Papers/Details/2229,2024,BIM as an Enabler of Lean Construction in the Public Sector
10.24928/2024/0206,proceedings-article,http://iglc.net/Papers/Details/2230,2024,From Concept to Concrete: Digital Twins Enabling Different Levels of Lean Construction
10.24928/2024/0207,proceedings-article,http://iglc.net/Papers/Details/2208,2024,"Lean Contract, Collaborative Power: Accelerating Delivery in Underground Metro Project"
10.24928/2024/0208,proceedings-article,http://iglc.net/Papers/Details/2245,2024,Process Modularity – a Lean Approach to Develop Industrialised Building Platforms
10.24928/2024/0210,proceedings-article,http://iglc.net/Papers/Details/2297,2024,Last Planner System in the Owner's Perspective: Case Study in Onshore Wind Energy Projects
10.24928/2024/0211,proceedings-article,http://iglc.net/Papers/Details/2279,2024,The Repair-Co Game: A Roadmap to Demonstrate the Importance of Problem-Solving Capabilities of Lean Tools
10.24928/2024/0212,proceedings-article,http://iglc.net/Papers/Details/2298,2024,Agile Ramp-Up: A Method to Reduce Premature Construction Start
10.24928/2024/0213,proceedings-article,http://iglc.net/Papers/Details/2246,2024,Net-Zero &amp; Digitalisation in Off-Site Construction
10.24928/2024/0214,proceedings-article,http://iglc.net/Papers/Details/2273,2024,"Assessing Social, Technical, and Operational Maturity Dimensions for Digital Transformation in the Construction Phase"
10.24928/2024/0215,proceedings-article,http://iglc.net/Papers/Details/2209,2024,Cost Control in Modular Construction: A Taxonomy for Effective Cost Management
10.24928/2024/0216,proceedings-article,http://iglc.net/Papers/Details/2299,2024,Lean Construction Implementation in the Construction of an Airport Runway
10.24928/2024/0218,proceedings-article,http://iglc.net/Papers/Details/2247,2024,Role of Collaboration in Production Planning and Control in the Context of Modular Construction
10.24928/2024/0219,proceedings-article,http://iglc.net/Papers/Details/2215,2024,Rigorous 2-Hour Takt Reveals Upstream Underperformance
10.24928/2024/0220,proceedings-article,http://iglc.net/Papers/Details/2300,2024,Principles and Prescriptions for the Development and Implementation of Performance Dashboards
10.24928/2024/0221,proceedings-article,http://iglc.net/Papers/Details/2301,2024,Proposal for a Deadline Deviation Index Based on Line of Balance and Rhythm Deviation Data
10.24928/2024/0222,proceedings-article,http://iglc.net/Papers/Details/2302,2024,Collaborative Planning of Subcontractors Using the Last Planner System and BIM: A Case Study on a Gas Subcontractor in Repetitive Housing Projects
10.24928/2024/0223,proceedings-article,http://iglc.net/Papers/Details/2274,2024,A Critical Analysis of Choosing by Advantages Implementation in the Tendering Procedure Based on Eu Directive and German Legislation
10.24928/2024/0224,proceedings-article,http://iglc.net/Papers/Details/2258,2024,Insights on Sustainability in Industrialized Construction in Europe and the United States
10.24928/2024/0225,proceedings-article,http://iglc.net/Papers/Details/2275,2024,ISO 18404: A Model for Lean Transformation in an Alliance
10.24928/2024/0226,proceedings-article,http://iglc.net/Papers/Details/2216,2024,Short Takt in Construction: A Systematic Literature Review
10.24928/2024/0227,proceedings-article,http://iglc.net/Papers/Details/2231,2024,Digital Last Planner System Implementation: Critical Successful Factors
10.24928/2024/0228,proceedings-article,http://iglc.net/Papers/Details/2259,2024,Carbon Emissions of Construction Operations in a Cold Climate
10.24928/2024/0229,proceedings-article,http://iglc.net/Papers/Details/2276,2024,Institute for Lean Construction Excellence Lean Maturity Model (ILMM) – a Lean Maturity Model for Indian Construction
10.24928/2024/0230,proceedings-article,http://iglc.net/Papers/Details/2260,2024,Assessing Environmental Impacts: A Case Study of Circular Economy on Construction Materials
10.24928/2024/0231,proceedings-article,http://iglc.net/Papers/Details/2303,2024,"Systematic Approach to Making People, Processes &amp; Projects Ready for Make-Ready"
10.24928/2024/0234,proceedings-article,http://iglc.net/Papers/Details/2280,2024,Designing an Effective Training Program for Systematic Lean Construction Implementation
10.24928/2024/0236,proceedings-article,http://iglc.net/Papers/Details/2232,2024,Quantity Take-Off in Rough Construction of High-Rise Buildings Based on CAD and BIM Methodologies: A Case Study
10.24928/2024/0237,proceedings-article,http://iglc.net/Papers/Details/2277,2024,"Lean Construction 4.0 and Society 5.0, How Close Are They?"
10.24928/2025,proceedings,http://iglc.net/Papers/Conference/35,2025,Proceedings of the 33rd Annual Conference of the International Group for Lean Construction (IGLC 33)
10.24928/2025/0100,proceedings-article,http://iglc.net/Papers/Details/2304,2025,Impacts of Prefabrication on Construction Workers’ Wellbeing: a Case Study
10.24928/2025/0101,proceedings-article,http://iglc.net/Papers/Details/2305,2025,Optimized Cycle-time Flow Batching: Enhanced Performance in Project Portfolio Management
10.24928/2025/0102,proceedings-article,http://iglc.net/Papers/Details/2306,2025,Leveraging Multi-agent System Powered by Large Language Model to Improve Transparency and Reliability in Automated Supply Chain Coordination
10.24928/2025/0105,proceedings-article,http://iglc.net/Papers/Details/2307,2025,Team Health: a Pulse Check and Prescription for the Collective Learning Tool
10.24928/2025/0106,proceedings-article,http://iglc.net/Papers/Details/2308,2025,Exploring a Lean Informed Framework for Reducing Construction and Demolition Waste in Zimbabwe
10.24928/2025/0107,proceedings-article,http://iglc.net/Papers/Details/2309,2025,Building the Capabilities for Takt Production Performance Measurement
10.24928/2025/0110,proceedings-article,http://iglc.net/Papers/Details/2310,2025,Takt Control: Core Concepts and Preliminary Propositions
10.24928/2025/0111,proceedings-article,http://iglc.net/Papers/Details/2311,2025,Enhancing Cost Reliability in Construction: the Synergistic Impact of BIM and Lean Principles
10.24928/2025/0112,proceedings-article,http://iglc.net/Papers/Details/2312,2025,Integrated Project Delivery (IPD) in Enterprises Subcontractors. Case Study: Road Impact Mitigation Project
10.24928/2025/0113,proceedings-article,http://iglc.net/Papers/Details/2313,2025,Daily Batch Size of Design – Proposal for the Sizing of Design Batches
10.24928/2025/0115,proceedings-article,http://iglc.net/Papers/Details/2314,2025,Strategic Levers for Prefabrication in Construction: an Economic Case Study
10.24928/2025/0116,proceedings-article,http://iglc.net/Papers/Details/2315,2025,Strategic Takt Planning
10.24928/2025/0118,proceedings-article,http://iglc.net/Papers/Details/2316,2025,How Is the Construction Industry Performing? Insights From Four Years of Measurement
10.24928/2025/0119,proceedings-article,http://iglc.net/Papers/Details/2317,2025,Learning From the Best: Lessons to Construction From High-performing Teams Across Sectors
10.24928/2025/0120,proceedings-article,http://iglc.net/Papers/Details/2318,2025,Development of a Serious Game in Construction Logistics Considering Digital and Lean Tools
10.24928/2025/0121,proceedings-article,http://iglc.net/Papers/Details/2319,2025,Developing and Testing Muri Puzzle Game
10.24928/2025/0123,proceedings-article,http://iglc.net/Papers/Details/2320,2025,A Structured Continuous Improvement Process for High-rise Construction Using Time-motion Studies
10.24928/2025/0125,proceedings-article,http://iglc.net/Papers/Details/2321,2025,Construction Workers’ Safety Perceptions and Job Satisfaction: a Comparative Analysis of Denmark and Peru
10.24928/2025/0126,proceedings-article,http://iglc.net/Papers/Details/2322,2025,Workflow Issue Identification by Applying Location-based Work Sampling
10.24928/2025/0127,proceedings-article,http://iglc.net/Papers/Details/2323,2025,Construction Site Emissions: Exploring Sustainable Practices
10.24928/2025/0128,proceedings-article,http://iglc.net/Papers/Details/2324,2025,Where Is the Evidence of Performance Improvement in the Lean Construction Literature?
10.24928/2025/0129,proceedings-article,http://iglc.net/Papers/Details/2325,2025,What are the Main Causes of Discontinuous Work?
10.24928/2025/0130,proceedings-article,http://iglc.net/Papers/Details/2326,2025,Quality Assurance of Prefabricated Concrete Elements
10.24928/2025/0131,proceedings-article,http://iglc.net/Papers/Details/2327,2025,A Decade of Transformation: the Role of the German Lean Construction Institute in the Construction Industry
10.24928/2025/0133,proceedings-article,http://iglc.net/Papers/Details/2328,2025,Roadmap for Implementing Standardized Work in Construction Process with Takt Time Planning
10.24928/2025/0134,proceedings-article,http://iglc.net/Papers/Details/2329,2025,An Investigation of Construction Project Communications Under IPD Constraints
10.24928/2025/0135,proceedings-article,http://iglc.net/Papers/Details/2330,2025,Investigating the Role of Lean Tools in Minimizing Construction Waste Across the Triple Bottom Line
10.24928/2025/0136,proceedings-article,http://iglc.net/Papers/Details/2331,2025,Bridging Perspectives: a Thematic Analysis of Trust in Construction Management
10.24928/2025/0137,proceedings-article,http://iglc.net/Papers/Details/2332,2025,Perceptions of Robotic Inspections for Confined Spaces in Lean Construction: a Qualitative Study
10.24928/2025/0138,proceedings-article,http://iglc.net/Papers/Details/2333,2025,Geotechnical Insights for a Proactive Production System for Earthwork
10.24928/2025/0140,proceedings-article,http://iglc.net/Papers/Details/2334,2025,The Hidden Lean: Lessons From Japan
10.24928/2025/0141,proceedings-article,http://iglc.net/Papers/Details/2335,2025,Feasibility of Eye-trackers for Monitoring Cognitive Load in Lean Construction 4.0
10.24928/2025/0142,proceedings-article,http://iglc.net/Papers/Details/2336,2025,Plan Validation in TVD: a Healthcare Case Study Project in California
10.24928/2025/0143,proceedings-article,http://iglc.net/Papers/Details/2337,2025,Exploring IGLC Literature on Subcontracting
10.24928/2025/0144,proceedings-article,http://iglc.net/Papers/Details/2338,2025,Exploring Opportunities for Integrating Target Value Delivery and Front-end Planning in Industrial Megaprojects
10.24928/2025/0145,proceedings-article,http://iglc.net/Papers/Details/2339,2025,Prioritizing Lean Construction Practices for Effective Megaproject Delivery
10.24928/2025/0148,proceedings-article,http://iglc.net/Papers/Details/2340,2025,Simulation of Takt Time Planning Study Case: Housing in the New Capital City of Indonesia
10.24928/2025/0150,proceedings-article,http://iglc.net/Papers/Details/2341,2025,Strengthening the Client Role in Handling Payment-related Issues to Increase Project Productivity in Indonesia: a DMAIC Study Case
10.24928/2025/0151,proceedings-article,http://iglc.net/Papers/Details/2342,2025,Exploring Lean Principles in Large-scale Renovation: a Review of Socio-economic Impacts
10.24928/2025/0152,proceedings-article,http://iglc.net/Papers/Details/2343,2025,Lean Principles for Determining Generative Design Benefits
10.24928/2025/0154,proceedings-article,http://iglc.net/Papers/Details/2344,2025,Integrated Project Delivery in Norway – the Clients’ Perspective on Challenges
10.24928/2025/0156,proceedings-article,http://iglc.net/Papers/Details/2345,2025,Simulation to Bridge the Gap Between Visual Management Theory and on-Site Applications
10.24928/2025/0158,proceedings-article,http://iglc.net/Papers/Details/2346,2025,Simulating JIT Implementation in Prefabricated Construction: a Digital Framework for Supply Chain Optimization
10.24928/2025/0159,proceedings-article,http://iglc.net/Papers/Details/2347,2025,Integrating Advanced Work Packaging and Value Stream Mapping Into Last Planner System: an Operational Framework
10.24928/2025/0163,proceedings-article,http://iglc.net/Papers/Details/2348,2025,Understanding the Design Process in Modular Construction Projects Based on Value Stream Mapping
10.24928/2025/0165,proceedings-article,http://iglc.net/Papers/Details/2349,2025,Model for Production System Design in Modular Construction Projects
10.24928/2025/0167,proceedings-article,http://iglc.net/Papers/Details/2350,2025,Lean Construction in Germany – Empirical Findings on the Current State of Practice
10.24928/2025/0168,proceedings-article,http://iglc.net/Papers/Details/2351,2025,Time-lapse Image Processing for Estimating Construction Equipment Emissions
10.24928/2025/0169,proceedings-article,http://iglc.net/Papers/Details/2352,2025,Behavioral Safety Performance Assessment in Construction: a Data-driven Approach in Virtual Reality
10.24928/2025/0170,proceedings-article,http://iglc.net/Papers/Details/2353,2025,Dissemination of Target Value Design Principles Through a Bridge Construction Online Simulation: Overview and Case Study
10.24928/2025/0171,proceedings-article,http://iglc.net/Papers/Details/2354,2025,The Adaptive Interoperability Journey: Navigating Fragmentation in Digital AEC Projects
10.24928/2025/0173,proceedings-article,http://iglc.net/Papers/Details/2355,2025,Exploring the Role of Lean Construction in Decarbonizing the Building Industry: Insights From Industry Experts
10.24928/2025/0174,proceedings-article,http://iglc.net/Papers/Details/2356,2025,Lean Construction for the Sake of What?
10.24928/2025/0177,proceedings-article,http://iglc.net/Papers/Details/2357,2025,The Role of Digital Twin Systems and Lean Construction in the Preservation of Cultural Heritage
10.24928/2025/0179,proceedings-article,http://iglc.net/Papers/Details/2358,2025,Evaluating the Perceptions of UK Construction Professionals on the Adoption and Implementation of Lean Construction
10.24928/2025/0180,proceedings-article,http://iglc.net/Papers/Details/2359,2025,Revitalizing Language Action in the Last Planner System™
10.24928/2025/0184,proceedings-article,http://iglc.net/Papers/Details/2360,2025,Use of Computer Vision and Object Detection to Measure Construction Productivity Using Crew Balance Charts
10.24928/2025/0186,proceedings-article,http://iglc.net/Papers/Details/2361,2025,Collaborative Online International Learning: a Catalyst for Advancing Lean Construction Education
10.24928/2025/0187,proceedings-article,http://iglc.net/Papers/Details/2362,2025,Lean-based Analysis of Factors Influencing Metal Stud Framing and Drywall Workers’ Productivity
10.24928/2025/0188,proceedings-article,http://iglc.net/Papers/Details/2363,2025,Paradoxes in Integrated Project Delivery
10.24928/2025/0189,proceedings-article,http://iglc.net/Papers/Details/2364,2025,A Lean Approach to Productivity Improvement in Roof Panel Manufacturing for Modular Off-site Construction Using DfMA and Emerging Technologies
10.24928/2025/0191,proceedings-article,http://iglc.net/Papers/Details/2365,2025,Off-site Construction Company Lean Maturity Assessment Using DOLC
10.24928/2025/0192,proceedings-article,http://iglc.net/Papers/Details/2366,2025,Simulation and Gamification in Lean Construction: an Overview of Current Applications and Integration Opportunities
10.24928/2025/0194,proceedings-article,http://iglc.net/Papers/Details/2367,2025,Perceptions of Lean Concepts From Japan: Using an Interactive Game to Teach Lean Terminology
10.24928/2025/0195,proceedings-article,http://iglc.net/Papers/Details/2368,2025,Generative AI in Lean Construction: a Scoping Review
10.24928/2025/0196,proceedings-article,http://iglc.net/Papers/Details/2369,2025,Development of a Space Constraint Management Ontology for Lean Construction: Enhancing Constraint Management in Steel Fabrication Projects
10.24928/2025/0197,proceedings-article,http://iglc.net/Papers/Details/2370,2025,Leveraging Geofencing to Enhance Safety and Achieve Lean Construction Goals on Sites
10.24928/2025/0198,proceedings-article,http://iglc.net/Papers/Details/2371,2025,Leveraging the Supplier’s Expertise Through an Innovative Organizational Structure
10.24928/2025/0199,proceedings-article,http://iglc.net/Papers/Details/2372,2025,Applying Lean Standard Operating Procedure to Panelized Prefabrication in the Factory
10.24928/2025/0200,proceedings-article,http://iglc.net/Papers/Details/2373,2025,"Worker Well-being, Suicide, and Lean Construction – Unravelling the Global Silent Killer"
10.24928/2025/0201,proceedings-article,http://iglc.net/Papers/Details/2374,2025,Bridging Theory and Practice: Evaluating Lean Construction with Lego Simulations
10.24928/2025/0204,proceedings-article,http://iglc.net/Papers/Details/2375,2025,Integrating Construction 4.0 Technologies to Strengthen Post-disaster Construction Supply Chain
10.24928/2025/0205,proceedings-article,http://iglc.net/Papers/Details/2376,2025,Exploratory Study on Construction Workers Mental Health
10.24928/2025/0206,proceedings-article,http://iglc.net/Papers/Details/2377,2025,Reliable Delivery Order for Improving Workflow in the Construction Supply Chain
10.24928/2025/0207,proceedings-article,http://iglc.net/Papers/Details/2378,2025,Implications of Construction Robots for On-site Lean Construction: an In-depth Case Study
10.24928/2025/0209,proceedings-article,http://iglc.net/Papers/Details/2379,2025,Continous Improvement of the Digital Last Planner System Whiteboard
10.24928/2025/0211,proceedings-article,http://iglc.net/Papers/Details/2380,2025,"A Scoping Review of Pull Planning: Good Practices, Benefits and Barriers"
10.24928/2025/0214,proceedings-article,http://iglc.net/Papers/Details/2381,2025,Towards a Supply Chain Integration Theory in Offsite Construction: Insights From Industry Practices
10.24928/2025/0215,proceedings-article,http://iglc.net/Papers/Details/2382,2025,Lean Construction Adoption in  Indonesia and Australia: Based on TOE Framework
10.24928/2025/0217,proceedings-article,http://iglc.net/Papers/Details/2383,2025,What Types of Problem-Solving are Used in the Last Planner System?
10.24928/2025/0218,proceedings-article,http://iglc.net/Papers/Details/2384,2025,An Exploration of Target Value Delivery in a Single-entity Design-build Organisation
10.24928/2025/0219,proceedings-article,http://iglc.net/Papers/Details/2385,2025,Direct Work Observations for Workflow Improvement and ISO 18404 Competency Development
10.24928/2025/0222,proceedings-article,http://iglc.net/Papers/Details/2386,2025,Analysis of VDC Performance and Its Interaction with Lean Construction in Peru
10.24928/2025/0225,proceedings-article,http://iglc.net/Papers/Details/2387,2025,Comparative Analysis of Construction Waste: Robotic Vs. Manual Offsite Assembly
10.24928/2025/0226,proceedings-article,http://iglc.net/Papers/Details/2388,2025,"Harmonizing Construction Flow: Integrating Takt Planning, Workspace Management, and Lookahead Strategies"
10.24928/2025/0227,proceedings-article,http://iglc.net/Papers/Details/2389,2025,Integrating Design and Production Planning to Enhance Collaboration and Secure Project Objectives in Megaprojects: a Reverse Approach
10.24928/2025/0228,proceedings-article,http://iglc.net/Papers/Details/2390,2025,"Good Safety, Health, and Quality Performances in Construction Industry: MRT Jakarta Phase 2 CP203 Through Best 5S Practices"
10.24928/2025/0229,proceedings-article,http://iglc.net/Papers/Details/2391,2025,Kaizen Events for the Development of the Last Planner System® Maturity in a Construction Project
10.24928/2025/0230,proceedings-article,http://iglc.net/Papers/Details/2392,2025,The Impact of Lean Training Programs on Behavior and Organizational Performance
10.24928/2025/0231,proceedings-article,http://iglc.net/Papers/Details/2393,2025,Developing a Genai Methodology for Data Analysis in Industrialized Construction: a Lean View
10.24928/2025/0232,proceedings-article,http://iglc.net/Papers/Details/2394,2025,Bridging Problem and Solution Spaces: Developing an Innovation Framework with Lean and Agile Methods in Construction
10.24928/2025/0234,proceedings-article,http://iglc.net/Papers/Details/2395,2025,Takt Planning: a Reinterpretation of Adjustment Mechanisms From the Perspective of Slack
10.24928/2025/0235,proceedings-article,http://iglc.net/Papers/Details/2396,2025,Zonal Delivery Planning in the Construction of Infrastructure Projects: a Case Study
10.24928/2025/0237,proceedings-article,http://iglc.net/Papers/Details/2397,2025,Method for Designing Macro and Micro Layouts for Storage and Temporary Facilities in Residential Projects Based on Takt Planning
10.24928/2025/0238,proceedings-article,http://iglc.net/Papers/Details/2398,2025,Practices and Barriers to the Adoption of Digital Twin Construction in Latin America
10.24928/2025/0240,proceedings-article,http://iglc.net/Papers/Details/2399,2025,Impact of Project Delivery System  Selection on Value Generation
10.24928/2025/0243,proceedings-article,http://iglc.net/Papers/Details/2400,2025,Lean Philosophy’s Respect for People: a Key Driver of High-performance Projects on Large-scale Construction in Indonesia
10.24928/2025/0246,proceedings-article,http://iglc.net/Papers/Details/2401,2025,Implementation of Progress Monitoring Dashboard Based on Last Planner System on Pavement Work: a Case Study of Bayung Lencir – Tempino Section 3 Toll Road Construction
10.24928/2025/0248,proceedings-article,http://iglc.net/Papers/Details/2402,2025,Application of Cause Mapping Method in a Building Project with Prefabricated Slabs
10.24928/2025/0249,proceedings-article,http://iglc.net/Papers/Details/2403,2025,A Study of Drone-based Reality Capture for Construction Management: Kaizen in Daily Huddles
10.24928/2025/0250,proceedings-article,http://iglc.net/Papers/Details/2404,2025,"Metrics in Integrated Concurrent Engineering (ICE): Insights, Challenges, and Opportunities"
10.24928/2025/0251,proceedings-article,http://iglc.net/Papers/Details/2405,2025,Culture of Quality
10.24928/2025/0252,proceedings-article,http://iglc.net/Papers/Details/2406,2025,Devising Visual Systems for Quality Management in Construction
10.24928/2025/0253,proceedings-article,http://iglc.net/Papers/Details/2407,2025,Lean Construction for BIM Asset Management in Healthcare Facilities: a Systematic Literature Review
10.24928/2025/0254,proceedings-article,http://iglc.net/Papers/Details/2408,2025,"Integrating Agile, Scrum, and LPS Principles: the Development of a Hybrid Agile Lean (HAL) Production Planning &amp; Control System"
10.24928/2025/0255,proceedings-article,http://iglc.net/Papers/Details/2409,2025,Duplo® Simulation for Introduction of the Last Planner System®
10.24928/2025/0259,proceedings-article,http://iglc.net/Papers/Details/2410,2025,Lean Thinking for a Digital Last Planner System
10.24928/2025/0261,proceedings-article,http://iglc.net/Papers/Details/2411,2025,KHS&amp;S – a Case Study of Lean Training for Trade Contractors
10.24928/2025/0265,proceedings-article,http://iglc.net/Papers/Details/2412,2025,An Agile Approach to Implementing the Principles for Flow Design and Improvement: a Case Study in a Mining Project
10.24928/2025/0266,proceedings-article,http://iglc.net/Papers/Details/2413,2025,Towards Enabling Sustainability-aware Operations in Housing Manufacturing with AI-driven Value Stream Mapping: a Review
10.24928/2025/0268,proceedings-article,http://iglc.net/Papers/Details/2414,2025,Project Governance in a Norwegian Municipality
10.24928/2025/0270,proceedings-article,http://iglc.net/Papers/Details/2415,2025,Embracing the Future with Leanbuild Software: the Rise of Digital Construction
10.24928/2025/0271,proceedings-article,http://iglc.net/Papers/Details/2416,2025,Method for Estimating and Planning Carbon Emissions
10.24928/2025/0272,proceedings-article,http://iglc.net/Papers/Details/2417,2025,Collaborative Management Practices for High-rise Building Design
10.24928/2025/0273,proceedings-article,http://iglc.net/Papers/Details/2418,2025,Design Management in High-rise Building Projects in Chile
10.24928/2025/0274,proceedings-article,http://iglc.net/Papers/Details/2419,2025,Method for Classifying Wastes by Making-do Using Machine Learning
10.24928/2025/0275,proceedings-article,http://iglc.net/Papers/Details/2420,2025,TVD for Enhanced Value: a Case Study of Preconstruction Cost Optimization in Residential Buildings
10.24928/2025/0276,proceedings-article,http://iglc.net/Papers/Details/2421,2025,PDCA for Team Performance Management in Lean-IPD
10.24928/2025/0277,proceedings-article,http://iglc.net/Papers/Details/2422,2025,A Multi-criteria Decision Model for Classifying Best Practices to Reduce Making-do Waste
10.24928/2025/0278,proceedings-article,http://iglc.net/Papers/Details/2423,2025,A Target Value Maturity Model for Performance Target Management in the Design Phase of Lean Construction Projects
10.24928/2025/0279,proceedings-article,http://iglc.net/Papers/Details/2424,2025,The Meaning of Work in Construction: an Individual Well-being Perspective
10.24928/2025/0281,proceedings-article,http://iglc.net/Papers/Details/2425,2025,Teaching Lean Construction: an Overview of Trends and Future
10.24928/2025/0283,proceedings-article,http://iglc.net/Papers/Details/2426,2025,Lean Project Management From the Perspective of Enterprise Architecture
10.24928/2025/0284,proceedings-article,http://iglc.net/Papers/Details/2427,2025,Lean Construction Barriers From the Organizational Culture Lens
10.24928/2025/0287,proceedings-article,http://iglc.net/Papers/Details/2428,2025,Implementation of VDC in the Construction Stage of a Hospital: a Case Study
10.24928/2025/0288,proceedings-article,http://iglc.net/Papers/Details/2429,2025,Analysis of the Integration Between Digital Twins and Lean Construction for Construction Projects
10.24928/2025/0289,proceedings-article,http://iglc.net/Papers/Details/2430,2025,Lean in Action: BZI’s Innovation Process for Steel Erection
10.24928/2025/0290,proceedings-article,http://iglc.net/Papers/Details/2431,2025,House Retrofits: Impacts of Sustainability Measures on Health
10.24928/2025/0291,proceedings-article,http://iglc.net/Papers/Details/2432,2025,VDC in Practice: Insights From Production Metrics Reported as Useful by AEC Professionals in Norway
10.24928/2025/0292,proceedings-article,http://iglc.net/Papers/Details/2433,2025,The Last Controller: a Human-centric Approach to Value Delivery in Construction Project Controls
10.24928/2025/0293,proceedings-article,http://iglc.net/Papers/Details/2434,2025,A Framework for Integrating 3P Within TVD
10.24928/2025/0294,proceedings-article,http://iglc.net/Papers/Details/2435,2025,From Projects to Systems: the Alberta Facilities Production System (AFPS)
10.24928/2025/0295,proceedings-article,http://iglc.net/Papers/Details/2436,2025,Leaner Construction and Demolition Waste (CDW) Management: Practitioners’ Insights
10.24928/2025/0296,proceedings-article,http://iglc.net/Papers/Details/2437,2025,Project Wip Management as a Risk Control Driver for Timely Completion
10.24928/2025/0297,proceedings-article,http://iglc.net/Papers/Details/2438,2025,New Model to Minimize Cost and Time of Rework Due to Prefabricated Construction Errors
10.24928/2025/0299,proceedings-article,http://iglc.net/Papers/Details/2439,2025,From Theory to Practice: Applying Time Span of Discretion in Last Planner System® and Takt Production to Navigate Work Complexity
10.24928/2026,proceedings,http://iglc.net/Papers/Conference/36,2026,Proceedings of the 34th Annual Conference of the International Group for Lean Construction (IGLC 34)
10.24928/2026/0100,proceedings-article,http://iglc.net/Papers/Details/2440,2026,When you meet Lean Construction gurus - beware!
10.24928/2026/0103,proceedings-article,http://iglc.net/Papers/Details/2441,2026,Democratizing lean: development of an AI-augmented cultural transformation
10.24928/2026/0108,proceedings-article,http://iglc.net/Papers/Details/2442,2026,The contents-procedures-human relationships triad: reconceptualizing Lean implementation
10.24928/2026/0109,proceedings-article,http://iglc.net/Papers/Details/2443,2026,Nexus between Lean Construction and construction 6.0 for the management of construction and demolition waste (CDW)
10.24928/2026/0114,proceedings-article,http://iglc.net/Papers/Details/2444,2026,Hiring for Lean under labor shortages: rethinking “right people” through cognitive diversity
10.24928/2026/0116,proceedings-article,http://iglc.net/Papers/Details/2445,2026,"Outdoor environment, worker wellbeing, and productivity: a Lean Construction view"
10.24928/2026/0118,proceedings-article,http://iglc.net/Papers/Details/2446,2026,Tiered application of decision quality and Choosing By Advantages across managerial project levels
10.24928/2026/0119,proceedings-article,http://iglc.net/Papers/Details/2447,2026,"Tactical Obeyas for production control: visual management with Kaizen, Takt &amp;amp; LPS"
10.24928/2026/0120,proceedings-article,http://iglc.net/Papers/Details/2448,2026,“Silent partners” of high-performing Lean Construction teams: oxytocin and heart rate
10.24928/2026/0121,proceedings-article,http://iglc.net/Papers/Details/2449,2026,A conceptual framework for evidence-based design and Choosing By Advantages synergy
10.24928/2026/0122,proceedings-article,http://iglc.net/Papers/Details/2450,2026,Catalysts for learning and innovation in Takt production
10.24928/2026/0123,proceedings-article,http://iglc.net/Papers/Details/2451,2026,The cultural dialectics of standardization and innovation from the Japanese ethos to the global practice of Lean Construction
10.24928/2026/0124,proceedings-article,http://iglc.net/Papers/Details/2452,2026,From Lean projects to Lean enterprise: using Hoshin Kanri to make Lean Construction stick
10.24928/2026/0125,proceedings-article,http://iglc.net/Papers/Details/2453,2026,A minimal-data toolkit for diagnosing loss of flow resilience in interior fit-out work
10.24928/2026/0128,proceedings-article,http://iglc.net/Papers/Details/2454,2026,Towards a Circu-Lean Construction economy through standardisation
10.24928/2026/0129,proceedings-article,http://iglc.net/Papers/Details/2455,2026,Variation management in prefabricated MEP installations: challenges and opportunities
10.24928/2026/0131,proceedings-article,http://iglc.net/Papers/Details/2456,2026,Unravelling the backbone of lean transformation in construction megaprojects
10.24928/2026/0132,proceedings-article,http://iglc.net/Papers/Details/2457,2026,33 Years of Lean Construction Research: Community Evolution and Authorship Patterns
10.24928/2026/0133,proceedings-article,http://iglc.net/Papers/Details/2458,2026,Making People Performance Visible: Connecting Socio-Emotional Competencies and Lean Project Indicators
10.24928/2026/0137,proceedings-article,http://iglc.net/Papers/Details/2459,2026,Lean-digital-place integration for circular housing design
10.24928/2026/0138,proceedings-article,http://iglc.net/Papers/Details/2460,2026,"Sync or Sink: a simulation to expose variation, mitigate impacts, and improve flow"
10.24928/2026/0139,proceedings-article,http://iglc.net/Papers/Details/2461,2026,Digital material flow management in Takt production
10.24928/2026/0141,proceedings-article,http://iglc.net/Papers/Details/2462,2026,Ecofix- a PyRevit prototype for a Lean and sustainable renovation decision support tool
10.24928/2026/0142,proceedings-article,http://iglc.net/Papers/Details/2463,2026,Pressure capacity – a revolutionary benchmark for promoting healthy work environments
10.24928/2026/0143,proceedings-article,http://iglc.net/Papers/Details/2464,2026,Dynamics of creative problem-solving within Last Planner sessions
10.24928/2026/0144,proceedings-article,http://iglc.net/Papers/Details/2465,2026,Lean practices and the governance of modern methods of construction: articulation of planning horizons in MMC-based production systems
10.24928/2026/0147,proceedings-article,http://iglc.net/Papers/Details/2466,2026,A cross-country analysis of Lean Construction Maturity in Japan and Germany using the LCMM
10.24928/2026/0149,proceedings-article,http://iglc.net/Papers/Details/2467,2026,The WIP-Push-Wave: a leading indicator for project production control
10.24928/2026/0151,proceedings-article,http://iglc.net/Papers/Details/2468,2026,The Lean Construction Visual Taxonomy (LCVT): bridging the semantic gap
10.24928/2026/0152,proceedings-article,http://iglc.net/Papers/Details/2469,2026,Application of Lean Construction: a multilevel and multidimensional perspective
10.24928/2026/0153,proceedings-article,http://iglc.net/Papers/Details/2470,2026,Revealing Lean-aligned practices in Indonesian small contractors: a preliminary study
10.24928/2026/0155,proceedings-article,http://iglc.net/Papers/Details/2471,2026,Implementation of the Last Planner® System on a port project – evidence from Ireland
10.24928/2026/0156,proceedings-article,http://iglc.net/Papers/Details/2472,2026,33 years of Lean Construction research: academia-industry links and global contributions
10.24928/2026/0158,proceedings-article,http://iglc.net/Papers/Details/2473,2026,Takt Planning and control in Indonesia: structure project twin tower Undip PTPP
10.24928/2026/0161,proceedings-article,http://iglc.net/Papers/Details/2474,2026,The Six Practice: integrating flow and leadership in production planning and control
10.24928/2026/0162,proceedings-article,http://iglc.net/Papers/Details/2475,2026,Semantic Blindness in Digital LPS Systems
10.24928/2026/0163,proceedings-article,http://iglc.net/Papers/Details/2476,2026,Team building workshop series: laying the foundation of a Lean Construction transformation
10.24928/2026/0164,proceedings-article,http://iglc.net/Papers/Details/2477,2026,Lean-green supply chain framework for construction using VSM and DES
10.24928/2026/0166,proceedings-article,http://iglc.net/Papers/Details/2478,2026,Governing stochastic service demands in lean construction: a hybrid LPS-Scrum model
10.24928/2026/0167,proceedings-article,http://iglc.net/Papers/Details/2479,2026,Workforce readiness: the need for a competency framework in off-site construction to support Lean transformation
10.24928/2026/0168,proceedings-article,http://iglc.net/Papers/Details/2480,2026,A boundary-spanning playbook for digital construction innovation
10.24928/2026/0169,proceedings-article,http://iglc.net/Papers/Details/2481,2026,Digital optimization for green construction – reducing rebar waste and carbon emission
10.24928/2026/0170,proceedings-article,http://iglc.net/Papers/Details/2482,2026,Portfolio change governance and lean control cadence: evidence from 44 projects
10.24928/2026/0171,proceedings-article,http://iglc.net/Papers/Details/2483,2026,The symphony of construction: a data-driven comparison of Takt and traditional construction
10.24928/2026/0175,proceedings-article,http://iglc.net/Papers/Details/2484,2026,What limits effective target value delivery implementation in construction projects?
10.24928/2026/0176,proceedings-article,http://iglc.net/Papers/Details/2485,2026,Cognitive load theory in lean construction: a framework for human-centered task design
10.24928/2026/0177,proceedings-article,http://iglc.net/Papers/Details/2486,2026,Critical infrastructures interdependences during extreme weather events: the lean perspective
10.24928/2026/0178,proceedings-article,http://iglc.net/Papers/Details/2487,2026,Aligning digital safety technologies with lean construction principles
10.24928/2026/0179,proceedings-article,http://iglc.net/Papers/Details/2488,2026,Beyond the jobsite: adapting make-ready logic to managerial decision-making in construction
10.24928/2026/0180,proceedings-article,http://iglc.net/Papers/Details/2489,2026,AI-based safety monitoring using SKOPIA for preventing accidents in heavy equipment operations at Jragung Dam construction project
10.24928/2026/0182,proceedings-article,http://iglc.net/Papers/Details/2490,2026,Enhancing sustainability in Indonesian dam construction: a lean optimization approach
10.24928/2026/0183,proceedings-article,http://iglc.net/Papers/Details/2491,2026,Contractor experiences with competitive dialogue in a Norwegian road infrastructure project
10.24928/2026/0184,proceedings-article,http://iglc.net/Papers/Details/2492,2026,Industrialized Construction Index (ICI): a project indicator for industrialization assessment.
10.24928/2026/0186,proceedings-article,http://iglc.net/Papers/Details/2493,2026,Balancing decarbonisation and climate resilience through lean and digital twins
10.24928/2026/0187,proceedings-article,http://iglc.net/Papers/Details/2494,2026,"Performance measurement in Takt production: an exploratory study on metrics, practices and challenges"
10.24928/2026/0191,proceedings-article,http://iglc.net/Papers/Details/2495,2026,Metrics-based process mapping for MEPF design process efficiency analysis
10.24928/2026/0192,proceedings-article,http://iglc.net/Papers/Details/2496,2026,Accelerating construction of public infrastructures leveraging lean concepts: a case study
10.24928/2026/0193,proceedings-article,http://iglc.net/Papers/Details/2497,2026,A lean framework for modern methods of construction workforce transition in Australia
10.24928/2026/0194,proceedings-article,http://iglc.net/Papers/Details/2498,2026,Can lean construction improve site readiness to facilitate modern methods of construction integration?
10.24928/2026/0195,proceedings-article,http://iglc.net/Papers/Details/2499,2026,Integrating lean construction and BIM for enhanced planning in construction projects
10.24928/2026/0196,proceedings-article,http://iglc.net/Papers/Details/2500,2026,Lean construction and the “Good House” value system in China: developing a synergistic framework
10.24928/2026/0197,proceedings-article,http://iglc.net/Papers/Details/2501,2026,"Strategic risk management through lean construction–enhanced mitigation: the Sitinjau Lauik flyover project, Indonesia"
10.24928/2026/0199,proceedings-article,http://iglc.net/Papers/Details/2502,2026,Translating 5S planning into physical site practices through BIM-based visualization: a case study of the BRI Ragunan building project
10.24928/2026/0200,proceedings-article,http://iglc.net/Papers/Details/2503,2026,Decarbonizing construction through logistics: insights from cold climates
10.24928/2026/0201,proceedings-article,http://iglc.net/Papers/Details/2504,2026,Enhancing lean-oriented safety management through BIM: a socio-technical perspective
10.24928/2026/0202,proceedings-article,http://iglc.net/Papers/Details/2505,2026,Understand the relationships between communication behaviors and team performance in last planner system implementation
10.24928/2026/0203,proceedings-article,http://iglc.net/Papers/Details/2506,2026,Prototyping a construction-stage platform for as-built sustainability data management
10.24928/2026/0204,proceedings-article,http://iglc.net/Papers/Details/2507,2026,Establish a lean AI-driven defect management framework
10.24928/2026/0205,proceedings-article,http://iglc.net/Papers/Details/2508,2026,Recognition as an engagement mechanism in Kaizen programs in construction
10.24928/2026/0206,proceedings-article,http://iglc.net/Papers/Details/2509,2026,Embedded machine learning as an enabler of lean construction
10.24928/2026/0207,proceedings-article,http://iglc.net/Papers/Details/2510,2026,Understanding barriers to IPD adoption in construction SMEs: insights from a collaborative workshop
10.24928/2026/0208,proceedings-article,http://iglc.net/Papers/Details/2511,2026,Digital twins as a catalyst for sustainable construction transport policies? A critical review
10.24928/2026/0210,proceedings-article,http://iglc.net/Papers/Details/2512,2026,Integrity assurance architectures for lean construction – the case of seriøsitet in Norway
10.24928/2026/0211,proceedings-article,http://iglc.net/Papers/Details/2513,2026,Resident-facing renovation decision support tool for collaborative decision-making
10.24928/2026/0212,proceedings-article,http://iglc.net/Papers/Details/2514,2026,Understanding performance limits in off-site structural frame construction
10.24928/2026/0215,proceedings-article,http://iglc.net/Papers/Details/2515,2026,Enabling lean production through digital planning systems
10.24928/2026/0216,proceedings-article,http://iglc.net/Papers/Details/2516,2026,Safety risk factors associated with a lean wood-framing prefabrication facility: a case study
10.24928/2026/0217,proceedings-article,http://iglc.net/Papers/Details/2517,2026,Developing balanced production flow: a simulation on Mura reduction via Line of Balance
10.24928/2026/0218,proceedings-article,http://iglc.net/Papers/Details/2518,2026,From tools to behaviors: how a VDC implementation influences a construction company
10.24928/2026/0219,proceedings-article,http://iglc.net/Papers/Details/2519,2026,"Evaluating lean construction impacts on waste, lead time, rework, and cost: a case study of a commercial building project"
10.24928/2026/0221,proceedings-article,http://iglc.net/Papers/Details/2520,2026,Evaluation categories to measure the lean adoption for organizations
10.24928/2026/0222,proceedings-article,http://iglc.net/Papers/Details/2521,2026,Agile-lean hybridisation in construction
10.24928/2026/0223,proceedings-article,http://iglc.net/Papers/Details/2522,2026,Mapping AI and lean construction integration: a network analysis framework for construction productivity
10.24928/2026/0224,proceedings-article,http://iglc.net/Papers/Details/2523,2026,Immigrant mental health and lean construction – a bibliographic analysis
10.24928/2026/0226,proceedings-article,http://iglc.net/Papers/Details/2524,2026,Systematising the creation of Line of Balance: an automated tool for multi-storey building
10.24928/2026/0227,proceedings-article,http://iglc.net/Papers/Details/2525,2026,Value Stream Mapping in machine allocation for construction logistics – a case study
10.24928/2026/0228,proceedings-article,http://iglc.net/Papers/Details/2526,2026,A general contractor's lean journey
10.24928/2026/0230,proceedings-article,http://iglc.net/Papers/Details/2527,2026,Beyond lean production: interpreting the Last Planner System from a resilience engineering perspective
10.24928/2026/0231,proceedings-article,http://iglc.net/Papers/Details/2528,2026,Developing a mistakeproofing mindset to increase safety capacity
10.24928/2026/0232,proceedings-article,http://iglc.net/Papers/Details/2529,2026,Choosing by Advantages for better decision quality in construction procurement: a case study
10.24928/2026/0233,proceedings-article,http://iglc.net/Papers/Details/2530,2026,Analysis of suicide rates in construction and how lean can help reverse the trends
10.24928/2026/0234,proceedings-article,http://iglc.net/Papers/Details/2531,2026,Impacts of waiting-type non-physical waste on schedule deviation in lean-managed building projects in Indonesia
10.24928/2026/0235,proceedings-article,http://iglc.net/Papers/Details/2595,2026,Lean-based dynamic capability: case studies of pluripotential team in field thinking
10.24928/2026/0236,proceedings-article,http://iglc.net/Papers/Details/2532,2026,"To improve performance in complex environments, you must first understand ambiguity"
10.24928/2026/0237,proceedings-article,http://iglc.net/Papers/Details/2533,2026,The need to better manage information in field rework
10.24928/2026/0238,proceedings-article,http://iglc.net/Papers/Details/2534,2026,A lean-BIM operational traceable model for 5D cost-schedule integration in structural works
10.24928/2026/0239,proceedings-article,http://iglc.net/Papers/Details/2535,2026,"Aligning lean project delivery with industrilized construction: a project-level, requirements-based analysis"
10.24928/2026/0240,proceedings-article,http://iglc.net/Papers/Details/2536,2026,Language Action Perspective (LAP) and its influence on communication in project teams
10.24928/2026/0242,proceedings-article,http://iglc.net/Papers/Details/2537,2026,Parade of Trades with transfer batching
10.24928/2026/0243,proceedings-article,http://iglc.net/Papers/Details/2538,2026,An adaptive WIP controller framework for dynamic buffer management in modular construction
10.24928/2026/0244,proceedings-article,http://iglc.net/Papers/Details/2539,2026,Choosing By Advantages to select a drone for an educational surveying project
10.24928/2026/0245,proceedings-article,http://iglc.net/Papers/Details/2540,2026,A digital-twin based CONWIP framework for work in progress (WIP) management in modular construction
10.24928/2026/0246,proceedings-article,http://iglc.net/Papers/Details/2541,2026,A proactive digital twin framework for dynamic pull scheduling in modular construction factories
10.24928/2026/0247,proceedings-article,http://iglc.net/Papers/Details/2542,2026,Identifying dynamic bottleneck in modular construction using simulation and probabilistic analysis
10.24928/2026/0248,proceedings-article,http://iglc.net/Papers/Details/2543,2026,Operationalising Transformation–Flow–Value in lean construction via SMART-enabled awareness
10.24928/2026/0249,proceedings-article,http://iglc.net/Papers/Details/2544,2026,Mind the chasm: integrating facility management requirements in design
10.24928/2026/0250,proceedings-article,http://iglc.net/Papers/Details/2545,2026,Green and digital innovations for managing construction supply chain in the Net Zero Economy (NZE)
10.24928/2026/0252,proceedings-article,http://iglc.net/Papers/Details/2546,2026,Aligning research and adoption through agile roadmapping in construction innovation
10.24928/2026/0255,proceedings-article,http://iglc.net/Papers/Details/2547,2026,"Speech-to-update BIM: a lean, voice-enabled workflow for real-time site progress capture"
10.24928/2026/0257,proceedings-article,http://iglc.net/Papers/Details/2548,2026,Development of lean maturity in an earthmoving mining project
10.24928/2026/0258,proceedings-article,http://iglc.net/Papers/Details/2549,2026,Minimizing rework in offsite construction: error propagation analysis and quality control
10.24928/2026/0259,proceedings-article,http://iglc.net/Papers/Details/2550,2026,Analysis of key success factors of lean construction performance
10.24928/2026/0260,proceedings-article,http://iglc.net/Papers/Details/2551,2026,A decision-support framework for prioritising lean construction techniques in the planning stage of Indonesian construction projects
10.24928/2026/0261,proceedings-article,http://iglc.net/Papers/Details/2552,2026,Operationalizing lean project control through data-driven weekly reasoning
10.24928/2026/0263,proceedings-article,http://iglc.net/Papers/Details/2553,2026,Interpreting and operationalizing enterprise agility in construction: a safe-based case study
10.24928/2026/0265,proceedings-article,http://iglc.net/Papers/Details/2554,2026,"Prediction of logistics performance and allocation optimization in construction projects using Catboost, LightGBM, and XGboost based on lean construction principles"
10.24928/2026/0266,proceedings-article,http://iglc.net/Papers/Details/2555,2026,A multi-agent data-to-model workflow for make-ready assessment
10.24928/2026/0268,proceedings-article,http://iglc.net/Papers/Details/2556,2026,Data-driven decision support system for resource allocation to cast in-situ piles of linear projects
10.24928/2026/0269,proceedings-article,http://iglc.net/Papers/Details/2557,2026,Safety climate in a state-owned construction company: gap analysis and practical recommendations
10.24928/2026/0270,proceedings-article,http://iglc.net/Papers/Details/2558,2026,Carpenters’ workday: Between value-adding work and physical strain
10.24928/2026/0271,proceedings-article,http://iglc.net/Papers/Details/2559,2026,Integrating SCRUM with the last planner system: an AI-enhanced framework
10.24928/2026/0272,proceedings-article,http://iglc.net/Papers/Details/2560,2026,Toward an industry standard for LPS maturity using a company-grounded framework
10.24928/2026/0273,proceedings-article,http://iglc.net/Papers/Details/2561,2026,Lean post-typhoon recovery: multi-agent look-ahead and constraints for the Last Planner System
10.24928/2026/0274,proceedings-article,http://iglc.net/Papers/Details/2562,2026,Relating Non-Physical Waste in Lean Construction to Carbon Emissions during Project Execution
10.24928/2026/0275,proceedings-article,http://iglc.net/Papers/Details/2563,2026,Social sustainability and human-centered lean practices in modular and off-site construction
10.24928/2026/0277,proceedings-article,http://iglc.net/Papers/Details/2564,2026,Validating location-based carbon emissions forecasting
10.24928/2026/0278,proceedings-article,http://iglc.net/Papers/Details/2565,2026,Dual Takt area design: effects on production flow
10.24928/2026/0283,proceedings-article,http://iglc.net/Papers/Details/2566,2026,Supply chain management performance: a case study of Indonesian toll road construction project
10.24928/2026/0285,proceedings-article,http://iglc.net/Papers/Details/2567,2026,"Integrating lean construction, lean office, and business intelligence in a Panamanian sanitation project"
10.24928/2026/0286,proceedings-article,http://iglc.net/Papers/Details/2568,2026,Evaluation of delays using BIM 4D in projects implementing Last Planner System (case study: project x)
10.24928/2026/0288,proceedings-article,http://iglc.net/Papers/Details/2569,2026,A systematic design for assembly assessment of prefabricated facade panels
10.24928/2026/0289,proceedings-article,http://iglc.net/Papers/Details/2570,2026,Target Value Delivery for railway infrastructure – a semi-systematic literature review
10.24928/2026/0291,proceedings-article,http://iglc.net/Papers/Details/2571,2026,Integrating metaverse-based training frameworks for concrete 3D printing construction
10.24928/2026/0292,proceedings-article,http://iglc.net/Papers/Details/2572,2026,How distributed construction reshapes production systems: defining a hybrid delivery model
10.24928/2026/0293,proceedings-article,http://iglc.net/Papers/Details/2573,2026,Generation and characterization of Takt Planning strategies in precast-slab basements
10.24928/2026/0295,proceedings-article,http://iglc.net/Papers/Details/2574,2026,EPC pre-execution planning communication: a comparative analysis of four approaches
10.24928/2026/0296,proceedings-article,http://iglc.net/Papers/Details/2575,2026,AI-impacted construction people readiness via skill valuation and talent trajectories
10.24928/2026/0299,proceedings-article,http://iglc.net/Papers/Details/2576,2026,Lean construction learning process based on corporate roadmap and LCPD implementation at PT Wijaya Karya (PERSERO) TBK
10.24928/2026/0300,proceedings-article,http://iglc.net/Papers/Details/2577,2026,Production implications of large-scale wildfire reconstruction
10.24928/2026/0301,proceedings-article,http://iglc.net/Papers/Details/2578,2026,The role of lean leadership in enabling data sharing across industry-academia boundaries
10.24928/2026/0302,proceedings-article,http://iglc.net/Papers/Details/2579,2026,Work skills required for success as a frontline supervisor
10.24928/2026/0303,proceedings-article,http://iglc.net/Papers/Details/2580,2026,The pulse of production: correlating PPC and team health
10.24928/2026/0304,proceedings-article,http://iglc.net/Papers/Details/2581,2026,Strategies to overcome Integrated Project Delivery implementation barriers: a Peruvian case study
10.24928/2026/0305,proceedings-article,http://iglc.net/Papers/Details/2582,2026,Digital transformation in construction: evidence from Brazil
10.24928/2026/0306,proceedings-article,http://iglc.net/Papers/Details/2583,2026,Understanding value generation attributes of the healthcare built environment and services
10.24928/2026/0307,proceedings-article,http://iglc.net/Papers/Details/2584,2026,A digital lean framework for early-stage urban regulatory decision-making
10.24928/2026/0308,proceedings-article,http://iglc.net/Papers/Details/2585,2026,Exploring the potential of lean sustainable construction 4.0: a reflexive analysis
10.24928/2026/0309,proceedings-article,http://iglc.net/Papers/Details/2586,2026,Lean construction epistemology: human-centered insights from Plato and Aristotle
10.24928/2026/0311,proceedings-article,http://iglc.net/Papers/Details/2587,2026,Completion assessment for multiple production system using Markov chain analysis
10.24928/2026/0313,proceedings-article,http://iglc.net/Papers/Details/2588,2026,Generative design as an integrated value delivery tool
10.24928/2026/0314,proceedings-article,http://iglc.net/Papers/Details/2589,2026,Lean construction building capability program: an Australian experience
10.24928/2026/0315,proceedings-article,http://iglc.net/Papers/Details/2590,2026,Schedule delay in construction delivery methods under extreme uncertainty
10.24928/2026/0316,proceedings-article,http://iglc.net/Papers/Details/2591,2026,Integration of the lean thinking principles into the owners’ project management
10.24928/2026/0317,proceedings-article,http://iglc.net/Papers/Details/2592,2026,LLM-based action learning model for construction robotics: an industry-academia co-design
10.24928/2026/0318,proceedings-article,http://iglc.net/Papers/Details/2593,2026,Pitfalls in value optimisation: corridor decisions in a Norwegian hospital
10.24928/2026/0319,proceedings-article,http://iglc.net/Papers/Details/2594,2026,Continuous improvement in project-based construction organizations
